time=2026-09-14T23:40:17.347+08:00 level=INFO msg="Database initialized successfully"
time=2026-09-14T23:40:17.484+08:00 level=INFO msg="Skipping HNSW index on daily_report_sections.embedding: dimension 2560 > 2000 limit"
time=2026-09-14T23:40:17.485+08:00 level=INFO msg="Skipping HNSW index on board_persistent_topics.embedding: dimension 2560 > 2000 limit"
time=2026-09-14T23:40:17.486+08:00 level=INFO msg="Outbound proxy enabled: http://127.0.0.1:7897"
time=2026-09-14T23:40:17.560+08:00 level=INFO msg="[tracing] TracerProvider initialized successfully"
[GIN-debug] [WARNING] Creating an Engine instance with the Logger and Recovery middleware already attached.

[GIN-debug] [WARNING] Running in "debug" mode. Switch to "release" mode in production.
 - using env:	export GIN_MODE=release
 - using code:	gin.SetMode(gin.ReleaseMode)

[GIN-debug] GET    /icons/*filepath          --> syntopica-backend/internal/app.SetupRoutes.iconsFileHandler.func2 (6 handlers)
[GIN-debug] GET    /health                   --> syntopica-backend/internal/app.SetupRoutes.func1 (6 handlers)
[GIN-debug] GET    /api/tasks/status         --> syntopica-backend/internal/admin/handler.GetTasksStatus (6 handlers)
[GIN-debug] GET    /ws                       --> syntopica-backend/internal/platform/ws.HandleWebSocket (6 handlers)
[GIN-debug] GET    /api/categories           --> syntopica-backend/internal/reader/handler.GetCategories (7 handlers)
[GIN-debug] POST   /api/categories           --> syntopica-backend/internal/reader/handler.CreateCategory (7 handlers)
[GIN-debug] PUT    /api/categories/:category_id --> syntopica-backend/internal/reader/handler.UpdateCategory (7 handlers)
[GIN-debug] DELETE /api/categories/:category_id --> syntopica-backend/internal/reader/handler.DeleteCategory (7 handlers)
[GIN-debug] GET    /api/feeds                --> syntopica-backend/internal/reader/handler.GetFeeds (7 handlers)
[GIN-debug] GET    /api/feeds/:feed_id       --> syntopica-backend/internal/reader/handler.GetFeed (7 handlers)
[GIN-debug] POST   /api/feeds                --> syntopica-backend/internal/reader/handler.CreateFeed (7 handlers)
[GIN-debug] PUT    /api/feeds/:feed_id       --> syntopica-backend/internal/reader/handler.UpdateFeed (7 handlers)
[GIN-debug] DELETE /api/feeds/:feed_id       --> syntopica-backend/internal/reader/handler.DeleteFeed (7 handlers)
[GIN-debug] POST   /api/feeds/:feed_id/refresh --> syntopica-backend/internal/reader/handler.RefreshFeed (7 handlers)
[GIN-debug] POST   /api/feeds/fetch          --> syntopica-backend/internal/reader/handler.FetchFeed (7 handlers)
[GIN-debug] POST   /api/feeds/refresh-all    --> syntopica-backend/internal/reader/handler.RefreshAllFeeds (7 handlers)
[GIN-debug] GET    /api/articles/stats       --> syntopica-backend/internal/reader/handler.GetArticlesStats (7 handlers)
[GIN-debug] GET    /api/articles             --> syntopica-backend/internal/reader/handler.GetArticles (7 handlers)
[GIN-debug] GET    /api/articles/:article_id --> syntopica-backend/internal/reader/handler.GetArticle (7 handlers)
[GIN-debug] POST   /api/articles/:article_id/tags --> syntopica-backend/internal/reader/handler.RetagArticleHandler (7 handlers)
[GIN-debug] PUT    /api/articles/:article_id --> syntopica-backend/internal/reader/handler.UpdateArticle (7 handlers)
[GIN-debug] PUT    /api/articles/bulk-update --> syntopica-backend/internal/reader/handler.BulkUpdateArticles (7 handlers)
[GIN-debug] POST   /api/import-opml          --> syntopica-backend/internal/reader/handler.ImportOPML (7 handlers)
[GIN-debug] GET    /api/export-opml          --> syntopica-backend/internal/reader/handler.ExportOPML (7 handlers)
[GIN-debug] POST   /api/content-completion/articles/:article_id/complete --> syntopica-backend/internal/reader/handler.CompleteArticleContent (7 handlers)
[GIN-debug] POST   /api/content-completion/feeds/:feed_id/complete-all --> syntopica-backend/internal/reader/handler.CompleteFeedArticles (7 handlers)
[GIN-debug] GET    /api/content-completion/articles/:article_id/status --> syntopica-backend/internal/reader/handler.GetCompletionStatus (7 handlers)
[GIN-debug] GET    /api/content-completion/overview --> syntopica-backend/internal/reader/handler.GetCompletionOverview (7 handlers)
[GIN-debug] POST   /api/firecrawl/article/:id --> syntopica-backend/internal/reader/handler.CrawlArticle (7 handlers)
[GIN-debug] POST   /api/firecrawl/feed/:id/enable --> syntopica-backend/internal/reader/handler.EnableFeedFirecrawl (7 handlers)
[GIN-debug] GET    /api/firecrawl/status     --> syntopica-backend/internal/reader/handler.GetFirecrawlStatus (7 handlers)
[GIN-debug] POST   /api/firecrawl/settings   --> syntopica-backend/internal/reader/handler.SaveFirecrawlSettings (7 handlers)
[GIN-debug] POST   /api/daily-reports/generate --> syntopica-backend/internal/topicgraph/handler.triggerGenerateDailyReport (7 handlers)
[GIN-debug] GET    /api/daily-reports/:id    --> syntopica-backend/internal/topicgraph/handler.getDailyReport (7 handlers)
[GIN-debug] GET    /api/semantic-boards/:id/daily-reports --> syntopica-backend/internal/topicgraph/handler.listBoardDailyReports (7 handlers)
[GIN-debug] GET    /api/semantic-boards/:id/section-timeline --> syntopica-backend/internal/topicgraph/handler.getBoardSectionTimeline (7 handlers)
[GIN-debug] GET    /api/semantic-boards/:id/topics --> syntopica-backend/internal/topicgraph/handler.listBoardTopics (7 handlers)
[GIN-debug] GET    /api/semantic-boards/:id/lane-dynamics --> syntopica-backend/internal/topicgraph/handler.getBoardLaneDynamics (7 handlers)
[GIN-debug] GET    /api/daily-reports/sections/:id/lifecycle --> syntopica-backend/internal/topicgraph/handler.getSectionLifecycle (7 handlers)
[GIN-debug] GET    /api/daily-reports/topics/:id/lifeline --> syntopica-backend/internal/topicgraph/handler.getTopicLifeline (7 handlers)
[GIN-debug] PATCH  /api/daily-reports/topics/:id --> syntopica-backend/internal/topicgraph/handler.updateTopic (7 handlers)
[GIN-debug] DELETE /api/daily-reports/topics/:id --> syntopica-backend/internal/topicgraph/handler.deleteTopic (7 handlers)
[GIN-debug] POST   /api/daily-reports/topics/:id/merge --> syntopica-backend/internal/topicgraph/handler.mergeTopic (7 handlers)
[GIN-debug] POST   /api/daily-reports/topics/:id/split --> syntopica-backend/internal/topicgraph/handler.splitTopic (7 handlers)
[GIN-debug] POST   /api/daily-reports/backfill-embeddings --> syntopica-backend/internal/topicgraph/handler.triggerBackfillEmbeddings (7 handlers)
[GIN-debug] POST   /api/daily-reports/backfill-relations --> syntopica-backend/internal/topicgraph/handler.triggerBackfillRelations (7 handlers)
[GIN-debug] POST   /api/daily-reports/backfill-topics --> syntopica-backend/internal/topicgraph/handler.triggerBackfillTopics (7 handlers)
[GIN-debug] POST   /api/semantic-boards/:id/persistent-topics/manual --> syntopica-backend/internal/topicgraph/handler.createManualTopic (7 handlers)
[GIN-debug] GET    /api/semantic-boards/:id/persistent-topics/compose-candidates --> syntopica-backend/internal/topicgraph/handler.composeCandidates (7 handlers)
[GIN-debug] POST   /api/semantic-boards/:id/persistent-topics/embed-query --> syntopica-backend/internal/topicgraph/handler.embedQuery (7 handlers)
[GIN-debug] POST   /api/semantic-boards/:id/topic-watches --> syntopica-backend/internal/topicgraph/handler.createTopicWatch (7 handlers)
[GIN-debug] GET    /api/semantic-boards/:id/topic-watches --> syntopica-backend/internal/topicgraph/handler.listTopicWatches (7 handlers)
[GIN-debug] PATCH  /api/topic-watches/:id    --> syntopica-backend/internal/topicgraph/handler.updateTopicWatch (7 handlers)
[GIN-debug] DELETE /api/topic-watches/:id    --> syntopica-backend/internal/topicgraph/handler.deleteTopicWatch (7 handlers)
[GIN-debug] GET    /api/daily-reports/:id/watch-hits --> syntopica-backend/internal/topicgraph/handler.getWatchHits (7 handlers)
[GIN-debug] GET    /api/ai/providers         --> syntopica-backend/internal/admin/handler.ListProviders (7 handlers)
[GIN-debug] POST   /api/ai/providers         --> syntopica-backend/internal/admin/handler.UpsertProvider (7 handlers)
[GIN-debug] PUT    /api/ai/providers/:provider_id --> syntopica-backend/internal/admin/handler.UpdateProvider (7 handlers)
[GIN-debug] DELETE /api/ai/providers/:provider_id --> syntopica-backend/internal/admin/handler.DeleteProvider (7 handlers)
[GIN-debug] GET    /api/ai/routes            --> syntopica-backend/internal/admin/handler.ListRoutes (7 handlers)
[GIN-debug] PUT    /api/ai/routes/:capability --> syntopica-backend/internal/admin/handler.UpdateRoute (7 handlers)
[GIN-debug] GET    /api/ai/settings          --> syntopica-backend/internal/admin/handler.GetSettings (7 handlers)
[GIN-debug] POST   /api/ai/settings          --> syntopica-backend/internal/admin/handler.SaveSettings (7 handlers)
[GIN-debug] POST   /api/ai/test              --> syntopica-backend/internal/admin/handler.TestConnection (7 handlers)
[GIN-debug] GET    /api/ai/call-logs         --> syntopica-backend/internal/admin/handler.ListCallLogs (7 handlers)
[GIN-debug] GET    /api/ai/sessions/:session_id --> syntopica-backend/internal/admin/handler.GetSession (7 handlers)
[GIN-debug] GET    /api/ai/health            --> syntopica-backend/internal/admin/handler.GetAIHealth (7 handlers)
[GIN-debug] PUT    /api/ai/health/auto-start-models --> syntopica-backend/internal/admin/handler.SetAutoStartModels (7 handlers)
[GIN-debug] POST   /api/ai/health/reprobe    --> syntopica-backend/internal/admin/handler.ReprobeAIHealth (7 handlers)
[GIN-debug] GET    /api/schedulers/status    --> syntopica-backend/internal/admin/handler.GetSchedulersStatus (7 handlers)
[GIN-debug] GET    /api/schedulers/:name/status --> syntopica-backend/internal/admin/handler.GetSchedulerStatus (7 handlers)
[GIN-debug] POST   /api/schedulers/:name/trigger --> syntopica-backend/internal/admin/handler.TriggerScheduler (7 handlers)
[GIN-debug] POST   /api/schedulers/:name/reset --> syntopica-backend/internal/admin/handler.ResetSchedulerStats (7 handlers)
[GIN-debug] PUT    /api/schedulers/:name/interval --> syntopica-backend/internal/admin/handler.UpdateSchedulerInterval (7 handlers)
[GIN-debug] PUT    /api/schedulers/:name/schedule-time --> syntopica-backend/internal/admin/handler.UpdateSchedulerScheduleTime (7 handlers)
[GIN-debug] GET    /api/analysis/pause       --> syntopica-backend/internal/admin/handler.GetAnalysisPause (7 handlers)
[GIN-debug] POST   /api/analysis/pause       --> syntopica-backend/internal/admin/handler.SetAnalysisPause (7 handlers)
[GIN-debug] POST   /api/reading-behavior/track --> syntopica-backend/internal/admin/handler.TrackReadingBehavior (7 handlers)
[GIN-debug] POST   /api/reading-behavior/track-batch --> syntopica-backend/internal/admin/handler.BatchTrackReadingBehavior (7 handlers)
[GIN-debug] GET    /api/reading-behavior/stats --> syntopica-backend/internal/admin/handler.GetReadingStats (7 handlers)
[GIN-debug] GET    /api/preference-profile   --> syntopica-backend/internal/admin/handler.GetPreferenceProfile (7 handlers)
[GIN-debug] POST   /api/preference-profile/recompute --> syntopica-backend/internal/admin/handler.RecomputePreferenceProfile (7 handlers)
[GIN-debug] POST   /api/discovery/catalog/sync --> syntopica-backend/internal/admin/handler.SyncCatalog (7 handlers)
[GIN-debug] GET    /api/discovery/catalog/status --> syntopica-backend/internal/admin/handler.GetCatalogStatus (7 handlers)
[GIN-debug] GET    /api/discovery/recommendations --> syntopica-backend/internal/admin/handler.GetRecommendations (7 handlers)
[GIN-debug] POST   /api/discovery/recommendations/refresh --> syntopica-backend/internal/admin/handler.RefreshRecommendations (7 handlers)
[GIN-debug] POST   /api/discovery/recommendations/:id/accept --> syntopica-backend/internal/admin/handler.AcceptRecommendation (7 handlers)
[GIN-debug] POST   /api/discovery/recommendations/:id/dismiss --> syntopica-backend/internal/admin/handler.DismissRecommendation (7 handlers)
[GIN-debug] POST   /api/discovery/recommendations/:id/exclude --> syntopica-backend/internal/admin/handler.ExcludeRecommendation (7 handlers)
[GIN-debug] POST   /api/discovery/recommendations/:id/restore --> syntopica-backend/internal/admin/handler.RestoreRecommendation (7 handlers)
[GIN-debug] POST   /api/discovery/ask        --> syntopica-backend/internal/admin/handler.Ask (7 handlers)
[GIN-debug] GET    /api/discovery/runs/:id   --> syntopica-backend/internal/admin/handler.GetDiscoveryRun (7 handlers)
[GIN-debug] GET    /api/discovery/interests  --> syntopica-backend/internal/admin/handler.GetInterests (7 handlers)
[GIN-debug] GET    /api/discovery/candidates --> syntopica-backend/internal/admin/handler.ListCandidates (7 handlers)
[GIN-debug] POST   /api/discovery/candidates --> syntopica-backend/internal/admin/handler.CreateCandidate (7 handlers)
[GIN-debug] GET    /api/discovery/candidates/:id --> syntopica-backend/internal/admin/handler.GetCandidate (7 handlers)
[GIN-debug] PATCH  /api/discovery/candidates/:id --> syntopica-backend/internal/admin/handler.UpdateCandidate (7 handlers)
[GIN-debug] POST   /api/discovery/candidates/:id/check --> syntopica-backend/internal/admin/handler.CheckCandidate (7 handlers)
[GIN-debug] POST   /api/discovery/candidates/:id/access-confirm --> syntopica-backend/internal/admin/handler.ConfirmCandidateAccess (7 handlers)
[GIN-debug] GET    /api/discovery/candidates/export --> syntopica-backend/internal/admin/handler.ExportCandidates (7 handlers)
[GIN-debug] POST   /api/discovery/candidates/import/preview --> syntopica-backend/internal/admin/handler.PreviewCatalogImport (7 handlers)
[GIN-debug] POST   /api/discovery/candidates/import/confirm --> syntopica-backend/internal/admin/handler.ConfirmCatalogImport (7 handlers)
[GIN-debug] GET    /api/settings/rsshub      --> syntopica-backend/internal/admin/handler.GetRSSHubSettings (7 handlers)
[GIN-debug] POST   /api/settings/rsshub      --> syntopica-backend/internal/admin/handler.SaveRSSHubSettings (7 handlers)
[GIN-debug] GET    /api/settings/proxy       --> syntopica-backend/internal/admin/handler.GetProxySettings (7 handlers)
[GIN-debug] POST   /api/settings/proxy       --> syntopica-backend/internal/admin/handler.SaveProxySettings (7 handlers)
[GIN-debug] GET    /api/settings/bocha       --> syntopica-backend/internal/admin/handler.GetBochaSettings (7 handlers)
[GIN-debug] POST   /api/settings/bocha       --> syntopica-backend/internal/admin/handler.SaveBochaSettings (7 handlers)
[GIN-debug] GET    /api/admin/route-param-options --> syntopica-backend/internal/admin/handler.ListRouteParamOptions (7 handlers)
[GIN-debug] POST   /api/admin/route-param-options --> syntopica-backend/internal/admin/handler.CreateRouteParamOption (7 handlers)
[GIN-debug] PUT    /api/admin/route-param-options/:id --> syntopica-backend/internal/admin/handler.UpdateRouteParamOption (7 handlers)
[GIN-debug] DELETE /api/admin/route-param-options/:id --> syntopica-backend/internal/admin/handler.DeleteRouteParamOption (7 handlers)
[GIN-debug] GET    /api/embedding/queue/status --> syntopica-backend/internal/tagmanagement/handler.GetEmbeddingQueueStatus (7 handlers)
[GIN-debug] GET    /api/embedding/queue/tasks --> syntopica-backend/internal/tagmanagement/handler.GetEmbeddingQueueTasks (7 handlers)
[GIN-debug] POST   /api/embedding/queue/retry --> syntopica-backend/internal/tagmanagement/handler.RetryEmbeddingQueueFailed (7 handlers)
[GIN-debug] POST   /api/embedding/queue/person-metadata/backfill --> syntopica-backend/internal/tagmanagement/handler.BackfillPersonMetadataHandler (7 handlers)
[GIN-debug] GET    /api/embedding/merge-reembedding/status --> syntopica-backend/internal/tagmanagement/handler.GetMergeReembeddingQueueStatus (7 handlers)
[GIN-debug] GET    /api/embedding/merge-reembedding/tasks --> syntopica-backend/internal/tagmanagement/handler.GetMergeReembeddingQueueTasks (7 handlers)
[GIN-debug] POST   /api/embedding/merge-reembedding/retry --> syntopica-backend/internal/tagmanagement/handler.RetryMergeReembeddingQueueFailed (7 handlers)
[GIN-debug] GET    /api/tag-queue/status     --> syntopica-backend/internal/tagmanagement/handler.GetTagQueueStatus (7 handlers)
[GIN-debug] GET    /api/tag-queue/tasks      --> syntopica-backend/internal/tagmanagement/handler.GetTagQueueTasks (7 handlers)
[GIN-debug] POST   /api/tag-queue/retry      --> syntopica-backend/internal/tagmanagement/handler.RetryTagQueueFailed (7 handlers)
[GIN-debug] POST   /api/tag-queue/retag-today --> syntopica-backend/internal/tagmanagement/handler.RetagTodayArticles (7 handlers)
[GIN-debug] GET    /api/topic-tags/search    --> syntopica-backend/internal/tagmanagement/handler.SearchTagsHandler (7 handlers)
[GIN-debug] POST   /api/topic-tags/merge     --> syntopica-backend/internal/tagmanagement/handler.MergeTagsHandler (7 handlers)
[GIN-debug] GET    /api/topic-tags/watched   --> syntopica-backend/internal/tagmanagement/handler.ListWatchedTagsHandler (7 handlers)
[GIN-debug] POST   /api/topic-tags/:tag_id/watch --> syntopica-backend/internal/tagmanagement/handler.WatchTagHandler (7 handlers)
[GIN-debug] POST   /api/topic-tags/:tag_id/unwatch --> syntopica-backend/internal/tagmanagement/handler.UnwatchTagHandler (7 handlers)
[GIN-debug] GET    /api/topic-tags/merge-preview --> syntopica-backend/internal/tagmanagement/handler.ScanMergePreviewHandler (7 handlers)
[GIN-debug] GET    /api/topic-tags/merge-preview/status --> syntopica-backend/internal/tagmanagement/handler.MergePreviewStatusHandler (7 handlers)
[GIN-debug] POST   /api/topic-tags/merge-with-name --> syntopica-backend/internal/tagmanagement/handler.MergeTagsWithCustomNameHandler (7 handlers)
[GIN-debug] POST   /api/topic-tags/merge-preview/dismiss --> syntopica-backend/internal/tagmanagement/handler.DismissSuggestionHandler (7 handlers)
[GIN-debug] POST   /api/topic-tags/merge-preview/scan --> syntopica-backend/internal/tagmanagement/handler.TriggerScanHandler (7 handlers)
[GIN-debug] GET    /api/topic-tags/merge-preview/scan/stream --> syntopica-backend/internal/tagmanagement/handler.ScanStreamHandler (7 handlers)
[GIN-debug] POST   /api/topic-tags/merge-preview/evaluate --> syntopica-backend/internal/tagmanagement/handler.TriggerEvaluateHandler (7 handlers)
[GIN-debug] GET    /api/topic-tags/merge-preview/evaluate/stream --> syntopica-backend/internal/tagmanagement/handler.EvaluateStreamHandler (7 handlers)
[GIN-debug] POST   /api/topic-tags/merge-preview/add-to-group --> syntopica-backend/internal/tagmanagement/handler.AddToGroupHandler (7 handlers)
[GIN-debug] POST   /api/semantic-boards/upgrade-suggest --> syntopica-backend/internal/tagmanagement/handler.(*semanticBoardHandler).suggestUpgrades-fm (7 handlers)
[GIN-debug] POST   /api/semantic-boards/upgrade-execute --> syntopica-backend/internal/tagmanagement/handler.(*semanticBoardHandler).executeUpgrade-fm (7 handlers)
[GIN-debug] GET    /api/semantic-boards/upgrade-suggestions --> syntopica-backend/internal/tagmanagement/handler.(*semanticBoardHandler).listUpgradeSuggestions-fm (7 handlers)
[GIN-debug] POST   /api/semantic-boards/upgrade-suggestions/:id/dismiss --> syntopica-backend/internal/tagmanagement/handler.(*semanticBoardHandler).dismissUpgradeSuggestion-fm (7 handlers)
[GIN-debug] POST   /api/semantic-boards/upgrade-suggestions/generate --> syntopica-backend/internal/tagmanagement/handler.(*semanticBoardHandler).generateUpgradeSuggestions-fm (7 handlers)
[GIN-debug] POST   /api/semantic-boards/backfill --> syntopica-backend/internal/tagmanagement/handler.(*semanticBoardHandler).enqueueBackfill-fm (7 handlers)
[GIN-debug] GET    /api/semantic-boards/backfill/:id --> syntopica-backend/internal/tagmanagement/handler.(*semanticBoardHandler).getBackfillJob-fm (7 handlers)
[GIN-debug] POST   /api/semantic-boards/backfill-embeddings --> syntopica-backend/internal/tagmanagement/handler.(*semanticBoardHandler).backfillBoardEmbeddings-fm (7 handlers)
[GIN-debug] POST   /api/semantic-boards/rematch-all --> syntopica-backend/internal/tagmanagement/handler.(*semanticBoardHandler).rematchAll-fm (7 handlers)
[GIN-debug] GET    /api/semantic-boards/matching-config --> syntopica-backend/internal/tagmanagement/handler.(*semanticBoardHandler).getMatchingConfig-fm (7 handlers)
[GIN-debug] PUT    /api/semantic-boards/matching-config --> syntopica-backend/internal/tagmanagement/handler.(*semanticBoardHandler).updateMatchingConfig-fm (7 handlers)
[GIN-debug] GET    /api/semantic-boards/suggest-auxiliaries --> syntopica-backend/internal/tagmanagement/handler.(*semanticBoardHandler).suggestAuxiliaries-fm (7 handlers)
[GIN-debug] GET    /api/semantic-boards      --> syntopica-backend/internal/tagmanagement/handler.(*semanticBoardHandler).listSemanticBoards-fm (7 handlers)
[GIN-debug] POST   /api/semantic-boards      --> syntopica-backend/internal/tagmanagement/handler.(*semanticBoardHandler).createSemanticBoard-fm (7 handlers)
[GIN-debug] GET    /api/semantic-boards/:id  --> syntopica-backend/internal/tagmanagement/handler.(*semanticBoardHandler).getSemanticBoard-fm (7 handlers)
[GIN-debug] PUT    /api/semantic-boards/:id  --> syntopica-backend/internal/tagmanagement/handler.(*semanticBoardHandler).updateSemanticBoard-fm (7 handlers)
[GIN-debug] DELETE /api/semantic-boards/:id  --> syntopica-backend/internal/tagmanagement/handler.(*semanticBoardHandler).deleteSemanticBoard-fm (7 handlers)
[GIN-debug] GET    /api/semantic-boards/:id/suggest-auxiliaries --> syntopica-backend/internal/tagmanagement/handler.(*semanticBoardHandler).suggestAuxiliariesForBoard-fm (7 handlers)
[GIN-debug] GET    /api/semantic-boards/:id/articles --> syntopica-backend/internal/tagmanagement/handler.(*semanticBoardHandler).getBoardArticles-fm (7 handlers)
[GIN-debug] GET    /api/semantic-boards/:id/match-detail/:tagId --> syntopica-backend/internal/tagmanagement/handler.(*semanticBoardHandler).getTagMatchDetail-fm (7 handlers)
[GIN-debug] GET    /api/semantic-boards/:id/composition --> syntopica-backend/internal/tagmanagement/handler.(*semanticBoardHandler).getBoardComposition-fm (7 handlers)
[GIN-debug] POST   /api/semantic-boards/:id/composition --> syntopica-backend/internal/tagmanagement/handler.(*semanticBoardHandler).addBoardComposition-fm (7 handlers)
[GIN-debug] DELETE /api/semantic-boards/:id/composition/:auxiliary_label_id --> syntopica-backend/internal/tagmanagement/handler.(*semanticBoardHandler).removeBoardComposition-fm (7 handlers)
[GIN-debug] GET    /api/auxiliary-labels     --> syntopica-backend/internal/tagmanagement/handler.(*semanticBoardHandler).listAuxiliaryLabels-fm (7 handlers)
[GIN-debug] GET    /api/auxiliary-labels/clusters --> syntopica-backend/internal/tagmanagement/handler.(*semanticBoardHandler).clusterAuxiliaryLabels-fm (7 handlers)
[GIN-debug] POST   /api/auxiliary-labels/merge-alias --> syntopica-backend/internal/tagmanagement/handler.(*semanticBoardHandler).mergeAuxiliaryAlias-fm (7 handlers)
[GIN-debug] POST   /api/auxiliary-labels/gc  --> syntopica-backend/internal/tagmanagement/handler.(*semanticBoardHandler).gcAuxiliaryLabels-fm (7 handlers)
[GIN-debug] POST   /api/auxiliary-labels/:id/disable --> syntopica-backend/internal/tagmanagement/handler.(*semanticBoardHandler).disableAuxiliaryLabel-fm (7 handlers)
[GIN-debug] GET    /api/tags/:id/auxiliary-labels --> syntopica-backend/internal/tagmanagement/handler.(*semanticBoardHandler).getTagAuxiliaryLabels-fm (7 handlers)
[GIN-debug] GET    /api/tags/:id/semantic-boards --> syntopica-backend/internal/tagmanagement/handler.(*semanticBoardHandler).getTagSemanticBoards-fm (7 handlers)
[GIN-debug] GET    /api/composite-labels     --> syntopica-backend/internal/tagmanagement/handler.(*compositeLabelHandler).listCompositeLabels-fm (7 handlers)
[GIN-debug] GET    /api/composite-labels/component-options --> syntopica-backend/internal/tagmanagement/handler.(*compositeLabelHandler).listComponentOptions-fm (7 handlers)
[GIN-debug] POST   /api/composite-labels     --> syntopica-backend/internal/tagmanagement/handler.(*compositeLabelHandler).createCompositeLabel-fm (7 handlers)
[GIN-debug] POST   /api/composite-labels/:id/disable --> syntopica-backend/internal/tagmanagement/handler.(*compositeLabelHandler).disableCompositeLabel-fm (7 handlers)
[GIN-debug] POST   /api/composite-labels/:id/enable --> syntopica-backend/internal/tagmanagement/handler.(*compositeLabelHandler).enableCompositeLabel-fm (7 handlers)
[GIN-debug] GET    /api/enrichment/analysis-status --> syntopica-backend/internal/dataenrichment/handler.(*EnrichmentHandler).getAnalysisStatus-fm (7 handlers)
[GIN-debug] GET    /api/persistent-topics/:topicId/enrichment/contexts --> syntopica-backend/internal/dataenrichment/handler.(*EnrichmentHandler).listContexts-fm (7 handlers)
[GIN-debug] GET    /api/persistent-topics/:topicId/enrichment/contexts/:granularity/:period --> syntopica-backend/internal/dataenrichment/handler.(*EnrichmentHandler).getContext-fm (7 handlers)
[GIN-debug] PUT    /api/persistent-topics/:topicId/enrichment/contexts/:granularity/:period --> syntopica-backend/internal/dataenrichment/handler.(*EnrichmentHandler).updateContext-fm (7 handlers)
[GIN-debug] POST   /api/persistent-topics/:topicId/enrichment/contexts/:granularity/regenerate --> syntopica-backend/internal/dataenrichment/handler.(*EnrichmentHandler).regenerateContext-fm (7 handlers)
[GIN-debug] GET    /api/persistent-topics/:topicId/enrichment/results --> syntopica-backend/internal/dataenrichment/handler.(*EnrichmentHandler).listResults-fm (7 handlers)
[GIN-debug] GET    /api/persistent-topics/:topicId/enrichment/results/:id --> syntopica-backend/internal/dataenrichment/handler.(*EnrichmentHandler).getResult-fm (7 handlers)
[GIN-debug] POST   /api/persistent-topics/:topicId/enrichment/results/trigger --> syntopica-backend/internal/dataenrichment/handler.(*EnrichmentHandler).triggerEnrichment-fm (7 handlers)
[GIN-debug] POST   /api/persistent-topics/:topicId/enrichment/results/:id/debates --> syntopica-backend/internal/dataenrichment/handler.(*EnrichmentHandler).triggerDebate-fm (7 handlers)
[GIN-debug] GET    /api/persistent-topics/:topicId/enrichment/results/:id/debates --> syntopica-backend/internal/dataenrichment/handler.(*EnrichmentHandler).listDebates-fm (7 handlers)
[GIN-debug] POST   /api/persistent-topics/:topicId/enrichment/results/:id/qa --> syntopica-backend/internal/dataenrichment/handler.(*EnrichmentHandler).askQA-fm (7 handlers)
[GIN-debug] GET    /api/persistent-topics/:topicId/enrichment/results/:id/qa --> syntopica-backend/internal/dataenrichment/handler.(*EnrichmentHandler).listQA-fm (7 handlers)
[GIN-debug] POST   /api/persistent-topics/:topicId/enrichment/qa/:id/sediment --> syntopica-backend/internal/dataenrichment/handler.(*EnrichmentHandler).sedimentQA-fm (7 handlers)
[GIN-debug] GET    /api/persistent-topics/:topicId/enrichment/reviews --> syntopica-backend/internal/dataenrichment/handler.(*EnrichmentHandler).listReviews-fm (7 handlers)
[GIN-debug] POST   /api/persistent-topics/:topicId/enrichment/reviews --> syntopica-backend/internal/dataenrichment/handler.(*EnrichmentHandler).createReview-fm (7 handlers)
[GIN-debug] PUT    /api/persistent-topics/:topicId/enrichment/reviews/:id --> syntopica-backend/internal/dataenrichment/handler.(*EnrichmentHandler).updateReviewDeviation-fm (7 handlers)
[GIN-debug] POST   /api/persistent-topics/:topicId/enrichment/reviews/:id/apply --> syntopica-backend/internal/dataenrichment/handler.(*EnrichmentHandler).applyReview-fm (7 handlers)
[GIN-debug] POST   /api/semantic-boards/:id/enrichment/analysis/trigger --> syntopica-backend/internal/dataenrichment/handler.(*EnrichmentHandler).triggerBoardEnrichment-fm (7 handlers)
[GIN-debug] POST   /api/semantic-boards/:id/enrichment/analysis/investigations/trigger --> syntopica-backend/internal/dataenrichment/handler.(*EnrichmentHandler).triggerBoardInvestigation-fm (7 handlers)
[GIN-debug] GET    /api/semantic-boards/:id/enrichment/analysis/results --> syntopica-backend/internal/dataenrichment/handler.(*EnrichmentHandler).listBoardResults-fm (7 handlers)
[GIN-debug] GET    /api/semantic-boards/:id/enrichment/analysis/results/:rid --> syntopica-backend/internal/dataenrichment/handler.(*EnrichmentHandler).getBoardResult-fm (7 handlers)
[GIN-debug] POST   /api/semantic-boards/:id/enrichment/analysis/relations/discover --> syntopica-backend/internal/dataenrichment/handler.(*EnrichmentHandler).triggerRelationDiscovery-fm (7 handlers)
[GIN-debug] GET    /api/semantic-boards/:id/enrichment/analysis/relations --> syntopica-backend/internal/dataenrichment/handler.(*EnrichmentHandler).listBoardRelations-fm (7 handlers)
[GIN-debug] GET    /api/semantic-boards/:id/enrichment/analysis/relations/:rid --> syntopica-backend/internal/dataenrichment/handler.(*EnrichmentHandler).getBoardRelation-fm (7 handlers)
[GIN-debug] POST   /api/semantic-boards/:id/enrichment/analysis/relations/:rid/confirm --> syntopica-backend/internal/dataenrichment/handler.(*EnrichmentHandler).confirmBoardRelation-fm (7 handlers)
[GIN-debug] POST   /api/semantic-boards/:id/enrichment/analysis/relations/:rid/dismiss --> syntopica-backend/internal/dataenrichment/handler.(*EnrichmentHandler).dismissBoardRelation-fm (7 handlers)
[GIN-debug] POST   /api/semantic-boards/:id/enrichment/analysis/relations/:rid/re-resolve --> syntopica-backend/internal/dataenrichment/handler.(*EnrichmentHandler).reResolveBoardRelation-fm (7 handlers)
[GIN-debug] POST   /api/semantic-boards/:id/enrichment/analysis/results/:rid/qa --> syntopica-backend/internal/dataenrichment/handler.(*EnrichmentHandler).askBoardQA-fm (7 handlers)
[GIN-debug] GET    /api/semantic-boards/:id/enrichment/analysis/results/:rid/qa --> syntopica-backend/internal/dataenrichment/handler.(*EnrichmentHandler).listBoardQA-fm (7 handlers)
[GIN-debug] POST   /api/semantic-boards/:id/enrichment/analysis/results/:rid/qa/:qid/sediment --> syntopica-backend/internal/dataenrichment/handler.(*EnrichmentHandler).sedimentBoardQA-fm (7 handlers)
[GIN-debug] GET    /api/semantic-boards/:id/data-sources --> syntopica-backend/internal/dataenrichment/handler.(*EnrichmentHandler).listDataSources-fm (7 handlers)
[GIN-debug] PUT    /api/semantic-boards/:id/data-sources --> syntopica-backend/internal/dataenrichment/handler.(*EnrichmentHandler).upsertDataSource-fm (7 handlers)
[GIN-debug] DELETE /api/semantic-boards/:id/data-sources/:sourceType --> syntopica-backend/internal/dataenrichment/handler.(*EnrichmentHandler).deleteDataSource-fm (7 handlers)
[GIN-debug] GET    /api/analysis-methods     --> syntopica-backend/internal/dataenrichment/handler.(*EnrichmentHandler).listAnalysisMethods-fm (7 handlers)
[GIN-debug] POST   /api/analysis-methods     --> syntopica-backend/internal/dataenrichment/handler.(*EnrichmentHandler).createAnalysisMethod-fm (7 handlers)
[GIN-debug] GET    /api/analysis-methods/:id --> syntopica-backend/internal/dataenrichment/handler.(*EnrichmentHandler).getAnalysisMethod-fm (7 handlers)
[GIN-debug] PUT    /api/analysis-methods/:id --> syntopica-backend/internal/dataenrichment/handler.(*EnrichmentHandler).updateAnalysisMethod-fm (7 handlers)
[GIN-debug] PUT    /api/analysis-methods/:id/enable --> syntopica-backend/internal/dataenrichment/handler.(*EnrichmentHandler).setAnalysisMethodEnabled-fm (7 handlers)
[GIN-debug] DELETE /api/analysis-methods/:id --> syntopica-backend/internal/dataenrichment/handler.(*EnrichmentHandler).deleteAnalysisMethod-fm (7 handlers)
[GIN-debug] GET    /api/reference-roles      --> syntopica-backend/internal/dataenrichment/handler.(*EnrichmentHandler).listReferenceRoles-fm (7 handlers)
[GIN-debug] POST   /api/reference-roles      --> syntopica-backend/internal/dataenrichment/handler.(*EnrichmentHandler).createReferenceRole-fm (7 handlers)
[GIN-debug] GET    /api/reference-roles/:id  --> syntopica-backend/internal/dataenrichment/handler.(*EnrichmentHandler).getReferenceRole-fm (7 handlers)
[GIN-debug] PUT    /api/reference-roles/:id  --> syntopica-backend/internal/dataenrichment/handler.(*EnrichmentHandler).updateReferenceRole-fm (7 handlers)
[GIN-debug] DELETE /api/reference-roles/:id  --> syntopica-backend/internal/dataenrichment/handler.(*EnrichmentHandler).deleteReferenceRole-fm (7 handlers)
[GIN-debug] GET    /api/traces               --> syntopica-backend/internal/platform/tracing.(*TraceHandler).GetTraceByTraceID-fm (7 handlers)
[GIN-debug] GET    /api/traces/recent        --> syntopica-backend/internal/platform/tracing.(*TraceHandler).GetRecentTraces-fm (7 handlers)
[GIN-debug] GET    /api/traces/search        --> syntopica-backend/internal/platform/tracing.(*TraceHandler).SearchTraces-fm (7 handlers)
[GIN-debug] GET    /api/traces/stats         --> syntopica-backend/internal/platform/tracing.(*TraceHandler).GetTraceStats-fm (7 handlers)
[GIN-debug] GET    /api/traces/:trace_id/timeline --> syntopica-backend/internal/platform/tracing.(*TraceHandler).GetTraceTimeline-fm (7 handlers)
[GIN-debug] GET    /api/traces/:trace_id/otlp --> syntopica-backend/internal/platform/tracing.(*TraceHandler).ExportTraceOTLP-fm (7 handlers)
time=2026-09-14T23:40:17.587+08:00 level=INFO msg="Tag queue started successfully"
time=2026-09-14T23:40:17.587+08:00 level=INFO msg="Tag queue started successfully"
time=2026-09-14T23:40:17.590+08:00 level=INFO msg="Embedding queue worker started successfully"
time=2026-09-14T23:40:17.591+08:00 level=INFO msg="Merge re-embedding queue worker started successfully"
time=2026-09-14T23:40:17.597+08:00 level=INFO msg="Blocked Article Recovery scheduler started (interval: 1h0m0s, startupDelay: 0s)"
time=2026-09-14T23:40:17.602+08:00 level=INFO msg="Discovery Run Maintenance scheduler started (interval: 1h0m0s, startupDelay: 5m0s)"
time=2026-09-14T23:40:17.606+08:00 level=INFO msg="Tag Quality Score scheduler started (interval: 1h0m0s, startupDelay: 0s)"
time=2026-09-14T23:40:17.610+08:00 level=INFO msg="Daily Report scheduler started (wall-clock mode)"
time=2026-09-14T23:40:17.634+08:00 level=INFO msg="Firecrawl Crawler scheduler started (interval: 5m0s, startupDelay: 0s)"
time=2026-09-14T23:40:17.639+08:00 level=INFO msg="Preference Profile Update scheduler started (interval: 1h0m0s, startupDelay: 0s)"
time=2026-09-14T23:40:17.644+08:00 level=INFO msg="RSSHub Catalog Sync scheduler started (interval: 24h0m0s, startupDelay: 0s)"
time=2026-09-14T23:40:17.649+08:00 level=INFO msg="Lifeline Monthly Refresh scheduler started (wall-clock mode)"
time=2026-09-14T23:40:17.652+08:00 level=INFO msg="Lifeline Yearly Refresh scheduler started (wall-clock mode)"
time=2026-09-14T23:40:17.658+08:00 level=INFO msg="Aux Label Cleanup scheduler started (interval: 1h0m0s, startupDelay: 10m0s)"
time=2026-09-14T23:40:17.662+08:00 level=INFO msg="Candidate Availability Check scheduler started (interval: 1h0m0s, startupDelay: 5m0s)"
time=2026-09-14T23:40:17.666+08:00 level=INFO msg="Candidate Embedding Backfill scheduler started (interval: 1h0m0s, startupDelay: 5m0s)"
time=2026-09-14T23:40:17.670+08:00 level=INFO msg="Auto Refresh scheduler started (interval: 1m0s, startupDelay: 0s)"
time=2026-09-14T23:40:17.674+08:00 level=INFO msg="Content Completion scheduler started (interval: 1m0s, startupDelay: 0s)"
time=2026-09-14T23:40:17.688+08:00 level=INFO msg="Cross-Board Relation Expire scheduler started (interval: 1h0m0s, startupDelay: 30m0s)"
time=2026-09-14T23:40:17.694+08:00 level=INFO msg="Board Upgrade Suggest scheduler started (wall-clock mode)"
time=2026-09-14T23:40:17.700+08:00 level=INFO msg="Log Cleanup scheduler started (interval: 24h0m0s, startupDelay: 5m0s)"
time=2026-09-14T23:40:17.700+08:00 level=INFO msg="Server starting on :5000"
time=2026-09-14T23:40:17.700+08:00 level=INFO msg="Environment: debug"
[GIN-debug] [WARNING] You trusted all proxies, this is NOT safe. We recommend you to set a value.
Please check https://github.com/gin-gonic/gin/blob/master/docs/doc.md#dont-trust-all-proxies for details.
[GIN-debug] Listening and serving HTTP on :5000
[GIN] 2026/09/14 - 23:40:18 | 200 |   4.98ms |             ::1 | GET      "/api/categories"
[GIN] 2026/09/14 - 23:40:18 | 200 |  16.85ms |             ::1 | GET      "/api/feeds?per_page=10000"
[GIN] 2026/09/14 - 23:40:18 | 200 |       0s |             ::1 | GET      "/ws"
time=2026-09-14T23:40:18.157+08:00 level=INFO msg="WebSocket客户端已连接，当前连接数: 1"
[GIN] 2026/09/14 - 23:40:18 | 200 |  17.02ms |             ::1 | GET      "/api/semantic-boards"
[GIN] 2026/09/14 - 23:40:18 | 200 | 244.02ms |             ::1 | GET      "/api/auxiliary-labels?page=1&per_page=50"
time=2026-09-14T23:40:21.566+08:00 level=WARN msg="[SLOW SQL] 3407.564ms > 200ms | rows=5820 | SELECT id, label, slug, ref_count, embedding FROM \"semantic_labels\" WHERE label_type = 'auxiliary' AND status = 'active' AND embedding IS NOT NULL ORDER BY ref_count DESC, id ASC"
[GIN] 2026/09/14 - 23:40:24 | 200 |     6.4s |             ::1 | GET      "/api/auxiliary-labels/clusters"
time=2026-09-14T23:41:17.670+08:00 level=INFO msg="[tracing] scheduler \"Auto Refresh\" tick: tracing not recording"
time=2026-09-14T23:41:17.672+08:00 level=INFO msg="Auto Refresh: triggered 0 feeds (scanned=23, due=0, stale_reset=0)"
time=2026-09-14T23:41:17.675+08:00 level=INFO msg="[tracing] scheduler \"Content Completion\" tick: tracing not recording"
time=2026-09-14T23:41:17.880+08:00 level=INFO msg="WebSocket客户端已断开，当前连接数: 0"
time=2026-09-14T23:41:17.976+08:00 level=INFO msg="Content Completion: no pending content to complete"
[GIN] 2026/09/14 - 23:41:18 | 200 |   3.28ms |             ::1 | GET      "/api/categories"
[GIN] 2026/09/14 - 23:41:18 | 200 |   26.1ms |             ::1 | GET      "/api/feeds?per_page=10000"
time=2026-09-14T23:41:18.158+08:00 level=INFO msg="WebSocket客户端已连接，当前连接数: 1"
[GIN] 2026/09/14 - 23:41:18 | 200 |  518.9µs |             ::1 | GET      "/ws"
[GIN] 2026/09/14 - 23:41:18 | 200 |   1.56ms |             ::1 | GET      "/api/auxiliary-labels/clusters"
[GIN] 2026/09/14 - 23:41:18 | 200 |  15.07ms |             ::1 | GET      "/api/semantic-boards"
time=2026-09-14T23:41:18.632+08:00 level=WARN msg="[SLOW SQL] 421.230ms > 200ms | rows=50 | SELECT * FROM \"semantic_labels\" WHERE label_type = 'auxiliary' ORDER BY ref_count DESC, id ASC LIMIT 50"
[GIN] 2026/09/14 - 23:41:18 | 200 | 473.34ms |             ::1 | GET      "/api/auxiliary-labels?page=1&per_page=50"
[GIN] 2026/09/14 - 23:41:52 | 200 |       0s |             ::1 | GET      "/health"
[GIN] 2026/09/14 - 23:42:01 | 200 |   1.08ms |             ::1 | GET      "/api/categories"
[GIN] 2026/09/14 - 23:42:01 | 200 |  13.21ms |             ::1 | GET      "/api/feeds?per_page=10000"
[GIN] 2026/09/14 - 23:42:01 | 200 |   1.57ms |             ::1 | GET      "/api/settings/rsshub"
[GIN] 2026/09/14 - 23:42:01 | 200 |   6.35ms |             ::1 | GET      "/api/discovery/recommendations?status=pending"
[GIN] 2026/09/14 - 23:42:01 | 200 |  13.15ms |             ::1 | GET      "/api/discovery/catalog/status"
[GIN] 2026/09/14 - 23:42:10 | 200 |  26.59ms |             ::1 | GET      "/api/categories"
[GIN] 2026/09/14 - 23:42:10 | 200 |  45.44ms |             ::1 | GET      "/api/feeds?per_page=10000"
[GIN] 2026/09/14 - 23:42:10 | 200 |  13.55ms |             ::1 | GET      "/api/discovery/recommendations?status=pending"
[GIN] 2026/09/14 - 23:42:10 | 200 |  14.59ms |             ::1 | GET      "/api/settings/rsshub"
[GIN] 2026/09/14 - 23:42:10 | 200 |  19.89ms |             ::1 | GET      "/api/discovery/catalog/status"
time=2026-09-14T23:42:17.670+08:00 level=INFO msg="[tracing] scheduler \"Auto Refresh\" tick: tracing not recording"
time=2026-09-14T23:42:17.673+08:00 level=INFO msg="Auto Refresh: triggered 0 feeds (scanned=23, due=0, stale_reset=0)"
time=2026-09-14T23:42:17.675+08:00 level=INFO msg="[tracing] scheduler \"Content Completion\" tick: tracing not recording"
time=2026-09-14T23:42:17.849+08:00 level=INFO msg="Content Completion: no pending content to complete"
time=2026-09-14T23:42:17.891+08:00 level=INFO msg="WebSocket客户端已断开，当前连接数: 0"
[GIN] 2026/09/14 - 23:42:18 | 200 |   2.31ms |             ::1 | GET      "/api/categories"
[GIN] 2026/09/14 - 23:42:18 | 200 |  32.76ms |             ::1 | GET      "/api/feeds?per_page=10000"
[GIN] 2026/09/14 - 23:42:18 | 200 |       0s |             ::1 | GET      "/ws"
time=2026-09-14T23:42:18.166+08:00 level=INFO msg="WebSocket客户端已连接，当前连接数: 1"
[GIN] 2026/09/14 - 23:42:18 | 200 |   1.61ms |             ::1 | GET      "/api/auxiliary-labels/clusters"
[GIN] 2026/09/14 - 23:42:18 | 200 |  11.48ms |             ::1 | GET      "/api/semantic-boards"
time=2026-09-14T23:42:18.553+08:00 level=WARN msg="[SLOW SQL] 343.481ms > 200ms | rows=50 | SELECT * FROM \"semantic_labels\" WHERE label_type = 'auxiliary' ORDER BY ref_count DESC, id ASC LIMIT 50"
[GIN] 2026/09/14 - 23:42:18 | 200 | 385.79ms |             ::1 | GET      "/api/auxiliary-labels?page=1&per_page=50"
time=2026-09-14T23:43:10.188+08:00 level=ERROR msg="discovery_run: run 3 (kind=ask) failed: error_code=embedding err=qwen3-embedding: Post \"http://localhost:8081/v1/embeddings\": context canceled"
time=2026-09-14T23:43:10.188+08:00 level=ERROR msg="discovery_run_service: failRun 3: context canceled"
[GIN] 2026/09/14 - 23:43:10 | 200 |  25.21ms |             ::1 | POST     "/api/discovery/ask"
[GIN] 2026/09/14 - 23:43:10 | 200 |   3.97ms |             ::1 | GET      "/api/categories"
[GIN] 2026/09/14 - 23:43:10 | 200 |  11.05ms |             ::1 | GET      "/api/feeds?per_page=10000"
[GIN] 2026/09/14 - 23:43:10 | 200 |   1.09ms |             ::1 | GET      "/api/settings/rsshub"
[GIN] 2026/09/14 - 23:43:10 | 200 |   2.73ms |             ::1 | GET      "/api/discovery/recommendations?status=pending"
[GIN] 2026/09/14 - 23:43:10 | 200 |   8.96ms |             ::1 | GET      "/api/discovery/catalog/status"
time=2026-09-14T23:43:17.670+08:00 level=INFO msg="[tracing] scheduler \"Auto Refresh\" tick: tracing not recording"
time=2026-09-14T23:43:17.672+08:00 level=INFO msg="Auto Refresh: triggered 0 feeds (scanned=23, due=0, stale_reset=0)"
time=2026-09-14T23:43:17.675+08:00 level=INFO msg="[tracing] scheduler \"Content Completion\" tick: tracing not recording"
time=2026-09-14T23:43:17.717+08:00 level=INFO msg="Content Completion: no pending content to complete"
time=2026-09-14T23:43:17.881+08:00 level=INFO msg="WebSocket客户端已断开，当前连接数: 0"
[GIN] 2026/09/14 - 23:43:18 | 200 |   8.61ms |             ::1 | GET      "/api/feeds?per_page=10000"
[GIN] 2026/09/14 - 23:43:18 | 200 |   9.47ms |             ::1 | GET      "/api/categories"
time=2026-09-14T23:43:18.123+08:00 level=INFO msg="WebSocket客户端已连接，当前连接数: 1"
[GIN] 2026/09/14 - 23:43:18 | 200 |       0s |             ::1 | GET      "/ws"
[GIN] 2026/09/14 - 23:43:18 | 200 |   1.08ms |             ::1 | GET      "/api/auxiliary-labels/clusters"
[GIN] 2026/09/14 - 23:43:18 | 200 |  16.44ms |             ::1 | GET      "/api/semantic-boards"
time=2026-09-14T23:43:18.343+08:00 level=WARN msg="[SLOW SQL] 213.976ms > 200ms | rows=50 | SELECT * FROM \"semantic_labels\" WHERE label_type = 'auxiliary' ORDER BY ref_count DESC, id ASC LIMIT 50"
[GIN] 2026/09/14 - 23:43:18 | 200 | 218.79ms |             ::1 | GET      "/api/auxiliary-labels?page=1&per_page=50"
time=2026-09-14T23:43:34.000+08:00 level=INFO msg="WebSocket客户端已断开，当前连接数: 0"
[GIN] 2026/09/14 - 23:43:34 | 200 |   2.14ms |             ::1 | GET      "/api/categories"
[GIN] 2026/09/14 - 23:43:34 | 200 |  13.27ms |             ::1 | GET      "/api/feeds?per_page=10000"
[GIN] 2026/09/14 - 23:43:34 | 200 |   1.63ms |             ::1 | GET      "/api/discovery/recommendations?status=pending"
[GIN] 2026/09/14 - 23:43:34 | 200 |   2.15ms |             ::1 | GET      "/api/settings/rsshub"
[GIN] 2026/09/14 - 23:43:34 | 200 |   5.33ms |             ::1 | GET      "/api/discovery/catalog/status"
[GIN] 2026/09/14 - 23:43:34 | 200 |   1.06ms |             ::1 | GET      "/api/categories"
[GIN] 2026/09/14 - 23:43:34 | 200 |   9.71ms |             ::1 | GET      "/api/feeds?per_page=10000"
[GIN] 2026/09/14 - 23:43:34 | 200 |  521.4µs |             ::1 | GET      "/ws"
time=2026-09-14T23:43:34.522+08:00 level=INFO msg="WebSocket客户端已连接，当前连接数: 1"
[GIN] 2026/09/14 - 23:43:34 | 200 |   1.26ms |             ::1 | GET      "/api/auxiliary-labels/clusters"
[GIN] 2026/09/14 - 23:43:34 | 200 |   5.63ms |             ::1 | GET      "/api/semantic-boards"
[GIN] 2026/09/14 - 23:43:34 | 200 | 124.45ms |             ::1 | GET      "/api/auxiliary-labels?page=1&per_page=50"
time=2026-09-14T23:44:17.670+08:00 level=INFO msg="[tracing] scheduler \"Auto Refresh\" tick: tracing not recording"
time=2026-09-14T23:44:17.672+08:00 level=INFO msg="Auto Refresh: triggered 0 feeds (scanned=23, due=0, stale_reset=0)"
time=2026-09-14T23:44:17.675+08:00 level=INFO msg="[tracing] scheduler \"Content Completion\" tick: tracing not recording"
time=2026-09-14T23:44:17.714+08:00 level=INFO msg="Content Completion: no pending content to complete"
time=2026-09-14T23:45:17.603+08:00 level=INFO msg="[tracing] scheduler \"Discovery Run Maintenance\" tick: tracing not recording"
time=2026-09-14T23:45:17.604+08:00 level=INFO msg="Discovery Run Maintenance: discovery run maintenance: stale running runs marked failed=0"
time=2026-09-14T23:45:17.634+08:00 level=INFO msg="[tracing] scheduler \"Firecrawl Crawler\" tick: tracing not recording"
time=2026-09-14T23:45:17.644+08:00 level=INFO msg="Firecrawl Crawler: no jobs to process"
time=2026-09-14T23:45:17.663+08:00 level=INFO msg="[tracing] scheduler \"Candidate Availability Check\" tick: tracing not recording"
time=2026-09-14T23:45:17.667+08:00 level=INFO msg="[tracing] scheduler \"Candidate Embedding Backfill\" tick: tracing not recording"
time=2026-09-14T23:45:17.670+08:00 level=INFO msg="[tracing] scheduler \"Auto Refresh\" tick: tracing not recording"
time=2026-09-14T23:45:17.673+08:00 level=INFO msg="Auto Refresh: triggered 0 feeds (scanned=23, due=0, stale_reset=0)"
time=2026-09-14T23:45:17.675+08:00 level=INFO msg="[tracing] scheduler \"Content Completion\" tick: tracing not recording"
time=2026-09-14T23:45:17.807+08:00 level=INFO msg="Log Cleanup: ai_call_logs=754, otel_spans=1289, ai_embedding_cache=0, embedding_queues=0"
time=2026-09-14T23:45:17.835+08:00 level=INFO msg="Content Completion: no pending content to complete"
time=2026-09-14T23:45:23.236+08:00 level=INFO msg="Candidate Embedding Backfill: candidate embedding backfill: generated=20 stale=0 failed=0 no_text=0"
time=2026-09-14T23:46:17.670+08:00 level=INFO msg="[tracing] scheduler \"Auto Refresh\" tick: tracing not recording"
time=2026-09-14T23:46:17.672+08:00 level=INFO msg="Auto Refresh: triggered 0 feeds (scanned=23, due=0, stale_reset=0)"
time=2026-09-14T23:46:17.675+08:00 level=INFO msg="[tracing] scheduler \"Content Completion\" tick: tracing not recording"
time=2026-09-14T23:46:17.721+08:00 level=INFO msg="Content Completion: no pending content to complete"
time=2026-09-14T23:46:33.696+08:00 level=INFO msg="Candidate Availability Check: candidate availability: due=50 checked=50 failed=0"
time=2026-09-14T23:47:17.670+08:00 level=INFO msg="[tracing] scheduler \"Auto Refresh\" tick: tracing not recording"
time=2026-09-14T23:47:17.675+08:00 level=INFO msg="[tracing] scheduler \"Content Completion\" tick: tracing not recording"
time=2026-09-14T23:47:17.680+08:00 level=INFO msg="Auto Refresh: triggered 0 feeds (scanned=23, due=0, stale_reset=0)"
time=2026-09-14T23:47:17.739+08:00 level=INFO msg="Content Completion: no pending content to complete"
time=2026-09-14T23:48:17.671+08:00 level=INFO msg="[tracing] scheduler \"Auto Refresh\" tick: tracing not recording"
time=2026-09-14T23:48:17.672+08:00 level=INFO msg="Auto Refresh: triggered 0 feeds (scanned=23, due=0, stale_reset=0)"
time=2026-09-14T23:48:17.675+08:00 level=INFO msg="[tracing] scheduler \"Content Completion\" tick: tracing not recording"
time=2026-09-14T23:48:17.727+08:00 level=INFO msg="Content Completion: no pending content to complete"
time=2026-09-14T23:49:17.671+08:00 level=INFO msg="[tracing] scheduler \"Auto Refresh\" tick: tracing not recording"
time=2026-09-14T23:49:17.673+08:00 level=INFO msg="Auto Refresh: triggered 0 feeds (scanned=23, due=0, stale_reset=0)"
time=2026-09-14T23:49:17.675+08:00 level=INFO msg="[tracing] scheduler \"Content Completion\" tick: tracing not recording"
time=2026-09-14T23:49:17.751+08:00 level=INFO msg="Content Completion: no pending content to complete"
time=2026-09-14T23:50:17.634+08:00 level=INFO msg="[tracing] scheduler \"Firecrawl Crawler\" tick: tracing not recording"
time=2026-09-14T23:50:17.640+08:00 level=INFO msg="Firecrawl Crawler: no jobs to process"
time=2026-09-14T23:50:17.670+08:00 level=INFO msg="[tracing] scheduler \"Auto Refresh\" tick: tracing not recording"
time=2026-09-14T23:50:17.672+08:00 level=INFO msg="Auto Refresh: triggered 0 feeds (scanned=23, due=0, stale_reset=0)"
time=2026-09-14T23:50:17.675+08:00 level=INFO msg="[tracing] scheduler \"Content Completion\" tick: tracing not recording"
time=2026-09-14T23:50:17.959+08:00 level=INFO msg="Content Completion: no pending content to complete"
time=2026-09-14T23:50:18.058+08:00 level=WARN msg="[SLOW SQL] 400.044ms > 200ms | rows=0 | SELECT * FROM \"semantic_labels\" WHERE (label_type = 'auxiliary' AND status = 'active' AND protected = false) AND created_at < '2026-09-13 23:50:17.658' AND id NOT IN (SELECT DISTINCT semantic_label_id FROM topic_tag_semantic_labels) AND id NOT IN (SELECT DISTINCT auxiliary_label_id FROM board_composition)"
time=2026-09-14T23:50:18.059+08:00 level=WARN msg="tag_edge_retention_days: \"tag_edge_retention_days\" unavailable (record not found); using default 7"
time=2026-09-14T23:50:18.065+08:00 level=INFO msg="Aux Label Cleanup: disabled 0 labels, reclaimed 0 tag edges (0 orphaned tags)"
time=2026-09-14T23:51:17.670+08:00 level=INFO msg="[tracing] scheduler \"Auto Refresh\" tick: tracing not recording"
time=2026-09-14T23:51:17.671+08:00 level=INFO msg="Auto Refresh: triggered 0 feeds (scanned=23, due=0, stale_reset=0)"
time=2026-09-14T23:51:17.675+08:00 level=INFO msg="[tracing] scheduler \"Content Completion\" tick: tracing not recording"
time=2026-09-14T23:51:17.721+08:00 level=INFO msg="Content Completion: no pending content to complete"
time=2026-09-14T23:52:17.671+08:00 level=INFO msg="[tracing] scheduler \"Auto Refresh\" tick: tracing not recording"
time=2026-09-14T23:52:17.672+08:00 level=INFO msg="Auto Refresh: triggered 0 feeds (scanned=23, due=0, stale_reset=0)"
time=2026-09-14T23:52:17.675+08:00 level=INFO msg="[tracing] scheduler \"Content Completion\" tick: tracing not recording"
time=2026-09-14T23:52:17.744+08:00 level=INFO msg="Content Completion: no pending content to complete"
time=2026-09-14T23:53:17.671+08:00 level=INFO msg="[tracing] scheduler \"Auto Refresh\" tick: tracing not recording"
time=2026-09-14T23:53:17.672+08:00 level=INFO msg="Auto Refresh: triggered 0 feeds (scanned=23, due=0, stale_reset=0)"
time=2026-09-14T23:53:17.674+08:00 level=INFO msg="[tracing] scheduler \"Content Completion\" tick: tracing not recording"
time=2026-09-14T23:53:17.761+08:00 level=INFO msg="Content Completion: no pending content to complete"
time=2026-09-14T23:54:17.671+08:00 level=INFO msg="[tracing] scheduler \"Auto Refresh\" tick: tracing not recording"
time=2026-09-14T23:54:17.675+08:00 level=INFO msg="[tracing] scheduler \"Content Completion\" tick: tracing not recording"
time=2026-09-14T23:54:17.677+08:00 level=INFO msg="Auto Refresh: triggered 1 feeds (scanned=23, due=1, stale_reset=0)"
time=2026-09-14T23:54:17.765+08:00 level=INFO msg="Content Completion: no pending content to complete"
time=2026-09-14T23:54:22.775+08:00 level=ERROR msg="Error refreshing feed 1: feed returned HTTP 502"
time=2026-09-14T23:55:17.634+08:00 level=INFO msg="[tracing] scheduler \"Firecrawl Crawler\" tick: tracing not recording"
time=2026-09-14T23:55:17.638+08:00 level=INFO msg="Firecrawl Crawler: no jobs to process"
time=2026-09-14T23:55:17.670+08:00 level=INFO msg="[tracing] scheduler \"Auto Refresh\" tick: tracing not recording"
time=2026-09-14T23:55:17.672+08:00 level=INFO msg="Auto Refresh: triggered 0 feeds (scanned=23, due=0, stale_reset=0)"
time=2026-09-14T23:55:17.676+08:00 level=INFO msg="[tracing] scheduler \"Content Completion\" tick: tracing not recording"
time=2026-09-14T23:55:17.732+08:00 level=INFO msg="Content Completion: no pending content to complete"
[GIN] 2026/09/14 - 23:55:51 | 200 |   4.74ms |             ::1 | GET      "/api/semantic-boards/1974/topic-watches"
[GIN] 2026/09/14 - 23:55:51 | 200 |  50.02ms |             ::1 | GET      "/api/semantic-boards/1974/composition"
[GIN] 2026/09/14 - 23:55:51 | 200 |  56.43ms |             ::1 | GET      "/api/semantic-boards/1974/articles?page=1&per_page=50&start_date=2026-09-14&end_date=2026-09-14"
[GIN] 2026/09/14 - 23:55:51 | 200 | 207.86ms |             ::1 | GET      "/api/semantic-boards/1974/lane-dynamics?days=14"
[GIN] 2026/09/14 - 23:56:04 | 204 |  517.7µs |             ::1 | OPTIONS  "/api/semantic-boards/1974/daily-reports?days=7"
[GIN] 2026/09/14 - 23:56:04 | 200 |  10.05ms |             ::1 | GET      "/api/semantic-boards/1974/daily-reports?days=7"
[GIN] 2026/09/14 - 23:56:04 | 204 |       0s |             ::1 | OPTIONS  "/api/daily-reports/778"
[GIN] 2026/09/14 - 23:56:04 | 200 |  39.16ms |             ::1 | GET      "/api/daily-reports/778"
[GIN] 2026/09/14 - 23:56:04 | 204 |       0s |             ::1 | OPTIONS  "/api/daily-reports/topics/5/lifeline"
[GIN] 2026/09/14 - 23:56:04 | 200 |  29.47ms |             ::1 | GET      "/api/daily-reports/topics/5/lifeline"
[GIN] 2026/09/14 - 23:56:05 | 204 |       0s |             ::1 | OPTIONS  "/api/daily-reports/778/watch-hits"
[GIN] 2026/09/14 - 23:56:05 | 200 |   1.03ms |             ::1 | GET      "/api/daily-reports/778/watch-hits"
[GIN] 2026/09/14 - 23:56:14 | 204 |       0s |             ::1 | OPTIONS  "/api/daily-reports/topics/1204/lifeline"
[GIN] 2026/09/14 - 23:56:14 | 200 |  17.48ms |             ::1 | GET      "/api/daily-reports/topics/1204/lifeline"
time=2026-09-14T23:56:17.670+08:00 level=INFO msg="[tracing] scheduler \"Auto Refresh\" tick: tracing not recording"
time=2026-09-14T23:56:17.672+08:00 level=INFO msg="Auto Refresh: triggered 0 feeds (scanned=23, due=0, stale_reset=0)"
time=2026-09-14T23:56:17.675+08:00 level=INFO msg="[tracing] scheduler \"Content Completion\" tick: tracing not recording"
time=2026-09-14T23:56:17.714+08:00 level=INFO msg="Content Completion: no pending content to complete"
[GIN] 2026/09/14 - 23:56:18 | 204 |       0s |             ::1 | OPTIONS  "/api/daily-reports/topics/9/lifeline"
[GIN] 2026/09/14 - 23:56:18 | 200 |   5.27ms |             ::1 | GET      "/api/daily-reports/topics/9/lifeline"
[GIN] 2026/09/14 - 23:56:21 | 204 |       0s |             ::1 | OPTIONS  "/api/daily-reports/topics/1205/lifeline"
[GIN] 2026/09/14 - 23:56:21 | 200 |    5.8ms |             ::1 | GET      "/api/daily-reports/topics/1205/lifeline"
[GIN] 2026/09/14 - 23:56:28 | 204 |       0s |             ::1 | OPTIONS  "/api/articles/127983"
[GIN] 2026/09/14 - 23:56:28 | 204 |       0s |             ::1 | OPTIONS  "/api/articles/128003"
[GIN] 2026/09/14 - 23:56:28 | 204 |       0s |             ::1 | OPTIONS  "/api/articles/128125"
[GIN] 2026/09/14 - 23:56:28 | 200 |   9.33ms |             ::1 | GET      "/api/articles/127983"
[GIN] 2026/09/14 - 23:56:28 | 200 |   7.64ms |             ::1 | GET      "/api/articles/128125"
[GIN] 2026/09/14 - 23:56:28 | 200 |  11.48ms |             ::1 | GET      "/api/articles/128003"
[GIN] 2026/09/14 - 23:56:35 | 204 |       0s |             ::1 | OPTIONS  "/api/articles/128090"
[GIN] 2026/09/14 - 23:56:35 | 204 |       0s |             ::1 | OPTIONS  "/api/articles/128263"
[GIN] 2026/09/14 - 23:56:35 | 200 |   2.64ms |             ::1 | GET      "/api/articles/128090"
[GIN] 2026/09/14 - 23:56:35 | 200 |   5.32ms |             ::1 | GET      "/api/articles/128263"
[GIN] 2026/09/14 - 23:56:42 | 204 |       0s |             ::1 | OPTIONS  "/api/articles/128117"
[GIN] 2026/09/14 - 23:56:42 | 200 |   3.63ms |             ::1 | GET      "/api/articles/128117"
[GIN] 2026/09/14 - 23:56:56 | 204 |       0s |             ::1 | OPTIONS  "/api/articles/127891"
[GIN] 2026/09/14 - 23:56:56 | 204 |       0s |             ::1 | OPTIONS  "/api/articles/128002"
[GIN] 2026/09/14 - 23:56:56 | 204 |       0s |             ::1 | OPTIONS  "/api/articles/128013"
[GIN] 2026/09/14 - 23:56:56 | 200 |    5.9ms |             ::1 | GET      "/api/articles/127891"
[GIN] 2026/09/14 - 23:56:56 | 200 |   9.55ms |             ::1 | GET      "/api/articles/128002"
[GIN] 2026/09/14 - 23:56:56 | 200 |   4.54ms |             ::1 | GET      "/api/articles/128013"
time=2026-09-14T23:57:17.670+08:00 level=INFO msg="[tracing] scheduler \"Auto Refresh\" tick: tracing not recording"
time=2026-09-14T23:57:17.675+08:00 level=INFO msg="[tracing] scheduler \"Content Completion\" tick: tracing not recording"
time=2026-09-14T23:57:17.681+08:00 level=INFO msg="Auto Refresh: triggered 0 feeds (scanned=23, due=0, stale_reset=0)"
time=2026-09-14T23:57:17.720+08:00 level=INFO msg="Content Completion: no pending content to complete"
[GIN] 2026/09/14 - 23:57:35 | 204 |  513.4µs |             ::1 | OPTIONS  "/api/semantic-boards/1980/composition"
[GIN] 2026/09/14 - 23:57:35 | 204 |       0s |             ::1 | OPTIONS  "/api/semantic-boards/1980/articles?page=1&per_page=50&start_date=2026-09-14&end_date=2026-09-14"
[GIN] 2026/09/14 - 23:57:35 | 204 |       0s |             ::1 | OPTIONS  "/api/semantic-boards/1980/topic-watches"
[GIN] 2026/09/14 - 23:57:35 | 204 |       0s |             ::1 | OPTIONS  "/api/semantic-boards/1980/daily-reports?days=7"
[GIN] 2026/09/14 - 23:57:35 | 200 |   2.65ms |             ::1 | GET      "/api/semantic-boards/1980/topic-watches"
[GIN] 2026/09/14 - 23:57:35 | 200 |   3.26ms |             ::1 | GET      "/api/semantic-boards/1980/daily-reports?days=7"
[GIN] 2026/09/14 - 23:57:35 | 204 |       0s |             ::1 | OPTIONS  "/api/daily-reports/779"
[GIN] 2026/09/14 - 23:57:35 | 200 |  36.23ms |             ::1 | GET      "/api/daily-reports/779"
[GIN] 2026/09/14 - 23:57:35 | 204 |       0s |             ::1 | OPTIONS  "/api/daily-reports/topics/93/lifeline"
[GIN] 2026/09/14 - 23:57:35 | 200 |  78.09ms |             ::1 | GET      "/api/semantic-boards/1980/composition"
[GIN] 2026/09/14 - 23:57:35 | 200 |  17.65ms |             ::1 | GET      "/api/daily-reports/topics/93/lifeline"
[GIN] 2026/09/14 - 23:57:35 | 200 |  95.43ms |             ::1 | GET      "/api/semantic-boards/1980/articles?page=1&per_page=50&start_date=2026-09-14&end_date=2026-09-14"
time=2026-09-14T23:58:17.672+08:00 level=INFO msg="Auto Refresh: triggered 0 feeds (scanned=23, due=0, stale_reset=0)"
time=2026-09-14T23:58:17.675+08:00 level=INFO msg="[tracing] scheduler \"Content Completion\" tick: tracing not recording"
time=2026-09-14T23:58:17.716+08:00 level=INFO msg="Content Completion: no pending content to complete"
time=2026-09-14T23:59:17.671+08:00 level=INFO msg="[tracing] scheduler \"Auto Refresh\" tick: tracing not recording"
time=2026-09-14T23:59:17.672+08:00 level=INFO msg="Auto Refresh: triggered 0 feeds (scanned=23, due=0, stale_reset=0)"
time=2026-09-14T23:59:17.675+08:00 level=INFO msg="[tracing] scheduler \"Content Completion\" tick: tracing not recording"
time=2026-09-14T23:59:17.733+08:00 level=INFO msg="Content Completion: no pending content to complete"
time=2026-09-15T00:00:17.634+08:00 level=INFO msg="[tracing] scheduler \"Firecrawl Crawler\" tick: tracing not recording"
time=2026-09-15T00:00:17.638+08:00 level=INFO msg="Firecrawl Crawler: no jobs to process"
time=2026-09-15T00:00:17.671+08:00 level=INFO msg="[tracing] scheduler \"Auto Refresh\" tick: tracing not recording"
time=2026-09-15T00:00:17.672+08:00 level=INFO msg="Auto Refresh: triggered 0 feeds (scanned=23, due=0, stale_reset=0)"
time=2026-09-15T00:00:17.675+08:00 level=INFO msg="[tracing] scheduler \"Content Completion\" tick: tracing not recording"
time=2026-09-15T00:00:17.715+08:00 level=INFO msg="Content Completion: no pending content to complete"
[GIN] 2026/09/15 - 00:01:12 | 204 |       0s |             ::1 | OPTIONS  "/api/articles/128009"
[GIN] 2026/09/15 - 00:01:12 | 204 |       0s |             ::1 | OPTIONS  "/api/articles/128040"
[GIN] 2026/09/15 - 00:01:12 | 200 |   4.19ms |             ::1 | GET      "/api/articles/128040"
[GIN] 2026/09/15 - 00:01:12 | 200 |   4.72ms |             ::1 | GET      "/api/articles/128009"
time=2026-09-15T00:01:17.671+08:00 level=INFO msg="[tracing] scheduler \"Auto Refresh\" tick: tracing not recording"
time=2026-09-15T00:01:17.672+08:00 level=INFO msg="Auto Refresh: triggered 0 feeds (scanned=23, due=0, stale_reset=0)"
time=2026-09-15T00:01:17.675+08:00 level=INFO msg="[tracing] scheduler \"Content Completion\" tick: tracing not recording"
time=2026-09-15T00:01:17.711+08:00 level=INFO msg="Content Completion: no pending content to complete"
[GIN] 2026/09/15 - 00:01:19 | 204 |  519.7µs |             ::1 | OPTIONS  "/api/articles/128228"
[GIN] 2026/09/15 - 00:01:19 | 200 |   5.28ms |             ::1 | GET      "/api/articles/128228"
[GIN] 2026/09/15 - 00:01:20 | 200 |   2.69ms |             ::1 | GET      "/api/articles/128228"
[GIN] 2026/09/15 - 00:01:20 | 204 |       0s |             ::1 | OPTIONS  "/api/content-completion/articles/128228/status"
[GIN] 2026/09/15 - 00:01:20 | 200 |   3.18ms |             ::1 | GET      "/api/ai/settings"
[GIN] 2026/09/15 - 00:01:20 | 200 |  533.5µs |             ::1 | GET      "/api/content-completion/articles/128228/status"
[GIN] 2026/09/15 - 00:01:20 | 200 |   2.79ms |             ::1 | GET      "/api/ai/settings"
[GIN] 2026/09/15 - 00:01:43 | 200 |  16.04ms |             ::1 | POST     "/api/reading-behavior/track-batch"
[GIN] 2026/09/15 - 00:01:48 | 204 |       0s |             ::1 | OPTIONS  "/api/articles/128232"
[GIN] 2026/09/15 - 00:01:48 | 200 |    2.6ms |             ::1 | GET      "/api/articles/128232"
[GIN] 2026/09/15 - 00:01:49 | 200 |   2.63ms |             ::1 | GET      "/api/articles/128232"
[GIN] 2026/09/15 - 00:01:49 | 204 |       0s |             ::1 | OPTIONS  "/api/content-completion/articles/128232/status"
[GIN] 2026/09/15 - 00:01:49 | 200 |   1.01ms |             ::1 | GET      "/api/content-completion/articles/128232/status"
time=2026-09-15T00:02:17.670+08:00 level=INFO msg="[tracing] scheduler \"Auto Refresh\" tick: tracing not recording"
time=2026-09-15T00:02:17.671+08:00 level=INFO msg="Auto Refresh: triggered 0 feeds (scanned=23, due=0, stale_reset=0)"
time=2026-09-15T00:02:17.675+08:00 level=INFO msg="[tracing] scheduler \"Content Completion\" tick: tracing not recording"
time=2026-09-15T00:02:17.724+08:00 level=INFO msg="Content Completion: no pending content to complete"
[GIN] 2026/09/15 - 00:02:20 | 200 |   9.88ms |             ::1 | POST     "/api/reading-behavior/track-batch"
[GIN] 2026/09/15 - 00:02:48 | 204 |       0s |             ::1 | OPTIONS  "/api/daily-reports/topics/94/lifeline"
[GIN] 2026/09/15 - 00:02:48 | 200 |   9.23ms |             ::1 | GET      "/api/daily-reports/topics/94/lifeline"
[GIN] 2026/09/15 - 00:02:53 | 204 |       0s |             ::1 | OPTIONS  "/api/articles/128199"
[GIN] 2026/09/15 - 00:02:53 | 200 |   4.19ms |             ::1 | GET      "/api/articles/128199"
[GIN] 2026/09/15 - 00:02:54 | 200 |   3.82ms |             ::1 | GET      "/api/articles/128199"
[GIN] 2026/09/15 - 00:02:54 | 204 |       0s |             ::1 | OPTIONS  "/api/content-completion/articles/128199/status"
[GIN] 2026/09/15 - 00:02:54 | 200 |  528.1µs |             ::1 | GET      "/api/content-completion/articles/128199/status"
[GIN] 2026/09/15 - 00:03:01 | 200 |   5.27ms |             ::1 | POST     "/api/reading-behavior/track-batch"
[GIN] 2026/09/15 - 00:03:02 | 204 |       0s |             ::1 | OPTIONS  "/api/articles/127910"
[GIN] 2026/09/15 - 00:03:02 | 204 |       0s |             ::1 | OPTIONS  "/api/articles/128012"
[GIN] 2026/09/15 - 00:03:02 | 204 |       0s |             ::1 | OPTIONS  "/api/articles/127936"
[GIN] 2026/09/15 - 00:03:02 | 200 |   4.67ms |             ::1 | GET      "/api/articles/127910"
[GIN] 2026/09/15 - 00:03:02 | 200 |   5.74ms |             ::1 | GET      "/api/articles/128012"
[GIN] 2026/09/15 - 00:03:02 | 200 |   7.89ms |             ::1 | GET      "/api/articles/127936"
[GIN] 2026/09/15 - 00:03:10 | 200 |   4.75ms |             ::1 | GET      "/api/articles/128012"
[GIN] 2026/09/15 - 00:03:10 | 204 |       0s |             ::1 | OPTIONS  "/api/content-completion/articles/128012/status"
[GIN] 2026/09/15 - 00:03:10 | 200 |    1.1ms |             ::1 | GET      "/api/content-completion/articles/128012/status"
time=2026-09-15T00:03:17.671+08:00 level=INFO msg="[tracing] scheduler \"Auto Refresh\" tick: tracing not recording"
time=2026-09-15T00:03:17.673+08:00 level=INFO msg="Auto Refresh: triggered 0 feeds (scanned=23, due=0, stale_reset=0)"
time=2026-09-15T00:03:17.675+08:00 level=INFO msg="[tracing] scheduler \"Content Completion\" tick: tracing not recording"
time=2026-09-15T00:03:17.712+08:00 level=INFO msg="Content Completion: no pending content to complete"
[GIN] 2026/09/15 - 00:03:40 | 200 |  12.54ms |             ::1 | POST     "/api/reading-behavior/track-batch"
[GIN] 2026/09/15 - 00:04:07 | 204 |       0s |             ::1 | OPTIONS  "/api/articles/127996"
[GIN] 2026/09/15 - 00:04:07 | 200 |   3.31ms |             ::1 | GET      "/api/articles/127996"
[GIN] 2026/09/15 - 00:04:09 | 204 |       0s |             ::1 | OPTIONS  "/api/articles/128080"
[GIN] 2026/09/15 - 00:04:09 | 200 |   3.67ms |             ::1 | GET      "/api/articles/128080"
[GIN] 2026/09/15 - 00:04:12 | 204 |       0s |             ::1 | OPTIONS  "/api/daily-reports/topics/90/lifeline"
[GIN] 2026/09/15 - 00:04:12 | 200 |  12.99ms |             ::1 | GET      "/api/daily-reports/topics/90/lifeline"
[GIN] 2026/09/15 - 00:04:14 | 204 |       0s |             ::1 | OPTIONS  "/api/articles/127929"
[GIN] 2026/09/15 - 00:04:14 | 200 |   3.21ms |             ::1 | GET      "/api/articles/127929"
[GIN] 2026/09/15 - 00:04:15 | 200 |   3.35ms |             ::1 | GET      "/api/articles/127929"
[GIN] 2026/09/15 - 00:04:15 | 204 |       0s |             ::1 | OPTIONS  "/api/content-completion/articles/127929/status"
[GIN] 2026/09/15 - 00:04:15 | 200 |   1.04ms |             ::1 | GET      "/api/content-completion/articles/127929/status"
time=2026-09-15T00:04:17.670+08:00 level=INFO msg="[tracing] scheduler \"Auto Refresh\" tick: tracing not recording"
time=2026-09-15T00:04:17.675+08:00 level=INFO msg="[tracing] scheduler \"Content Completion\" tick: tracing not recording"
time=2026-09-15T00:04:17.680+08:00 level=INFO msg="Auto Refresh: triggered 0 feeds (scanned=23, due=0, stale_reset=0)"
time=2026-09-15T00:04:17.725+08:00 level=INFO msg="Content Completion: no pending content to complete"
[GIN] 2026/09/15 - 00:04:23 | 200 |   7.36ms |             ::1 | POST     "/api/reading-behavior/track-batch"
[GIN] 2026/09/15 - 00:04:25 | 204 |       0s |             ::1 | OPTIONS  "/api/articles/128036"
[GIN] 2026/09/15 - 00:04:25 | 200 |   5.19ms |             ::1 | GET      "/api/articles/128036"
[GIN] 2026/09/15 - 00:04:26 | 200 |   4.31ms |             ::1 | GET      "/api/articles/128036"
[GIN] 2026/09/15 - 00:04:26 | 204 |       0s |             ::1 | OPTIONS  "/api/content-completion/articles/128036/status"
[GIN] 2026/09/15 - 00:04:26 | 200 |   2.66ms |             ::1 | GET      "/api/content-completion/articles/128036/status"
[GIN] 2026/09/15 - 00:04:39 | 200 |   5.32ms |             ::1 | POST     "/api/reading-behavior/track-batch"
[GIN] 2026/09/15 - 00:04:40 | 204 |       0s |             ::1 | OPTIONS  "/api/articles/128048"
[GIN] 2026/09/15 - 00:04:40 | 200 |  12.01ms |             ::1 | GET      "/api/articles/128048"
[GIN] 2026/09/15 - 00:04:42 | 200 |  10.01ms |             ::1 | GET      "/api/articles/128048"
[GIN] 2026/09/15 - 00:04:42 | 204 |  522.2µs |             ::1 | OPTIONS  "/api/content-completion/articles/128048/status"
[GIN] 2026/09/15 - 00:04:42 | 200 |   7.78ms |             ::1 | GET      "/api/content-completion/articles/128048/status"
[GIN] 2026/09/15 - 00:04:47 | 200 |  14.04ms |             ::1 | POST     "/api/reading-behavior/track-batch"
[GIN] 2026/09/15 - 00:04:47 | 204 |    531µs |             ::1 | OPTIONS  "/api/articles/128226"
[GIN] 2026/09/15 - 00:04:48 | 200 |    3.5ms |             ::1 | GET      "/api/articles/128226"
[GIN] 2026/09/15 - 00:04:49 | 200 |    2.6ms |             ::1 | GET      "/api/articles/128226"
[GIN] 2026/09/15 - 00:04:49 | 204 |       0s |             ::1 | OPTIONS  "/api/content-completion/articles/128226/status"
[GIN] 2026/09/15 - 00:04:49 | 200 |  561.1µs |             ::1 | GET      "/api/content-completion/articles/128226/status"
[GIN] 2026/09/15 - 00:04:55 | 200 |  14.16ms |             ::1 | POST     "/api/reading-behavior/track-batch"
[GIN] 2026/09/15 - 00:04:56 | 204 |       0s |             ::1 | OPTIONS  "/api/articles/128244"
[GIN] 2026/09/15 - 00:04:56 | 200 |   3.74ms |             ::1 | GET      "/api/articles/128244"
[GIN] 2026/09/15 - 00:04:58 | 200 |   3.15ms |             ::1 | GET      "/api/articles/128244"
[GIN] 2026/09/15 - 00:04:58 | 204 |       0s |             ::1 | OPTIONS  "/api/content-completion/articles/128244/status"
[GIN] 2026/09/15 - 00:04:58 | 200 |   1.07ms |             ::1 | GET      "/api/content-completion/articles/128244/status"
[GIN] 2026/09/15 - 00:05:00 | 200 |  15.84ms |             ::1 | POST     "/api/reading-behavior/track-batch"
[GIN] 2026/09/15 - 00:05:02 | 204 |       0s |             ::1 | OPTIONS  "/api/articles/128253"
[GIN] 2026/09/15 - 00:05:02 | 200 |   4.28ms |             ::1 | GET      "/api/articles/128253"
[GIN] 2026/09/15 - 00:05:02 | 200 |   3.18ms |             ::1 | GET      "/api/articles/128253"
[GIN] 2026/09/15 - 00:05:02 | 204 |       0s |             ::1 | OPTIONS  "/api/content-completion/articles/128253/status"
[GIN] 2026/09/15 - 00:05:02 | 200 |  517.9µs |             ::1 | GET      "/api/content-completion/articles/128253/status"
time=2026-09-15T00:05:17.634+08:00 level=INFO msg="[tracing] scheduler \"Firecrawl Crawler\" tick: tracing not recording"
time=2026-09-15T00:05:17.641+08:00 level=INFO msg="Firecrawl Crawler: no jobs to process"
time=2026-09-15T00:05:17.670+08:00 level=INFO msg="[tracing] scheduler \"Auto Refresh\" tick: tracing not recording"
time=2026-09-15T00:05:17.672+08:00 level=INFO msg="Auto Refresh: triggered 0 feeds (scanned=23, due=0, stale_reset=0)"
time=2026-09-15T00:05:17.675+08:00 level=INFO msg="[tracing] scheduler \"Content Completion\" tick: tracing not recording"
time=2026-09-15T00:05:17.733+08:00 level=INFO msg="Content Completion: no pending content to complete"
[GIN] 2026/09/15 - 00:05:33 | 200 |  12.68ms |             ::1 | POST     "/api/reading-behavior/track-batch"
time=2026-09-15T00:06:17.670+08:00 level=INFO msg="[tracing] scheduler \"Auto Refresh\" tick: tracing not recording"
time=2026-09-15T00:06:17.672+08:00 level=INFO msg="Auto Refresh: triggered 0 feeds (scanned=23, due=0, stale_reset=0)"
time=2026-09-15T00:06:17.675+08:00 level=INFO msg="[tracing] scheduler \"Content Completion\" tick: tracing not recording"
time=2026-09-15T00:06:17.712+08:00 level=INFO msg="Content Completion: no pending content to complete"
time=2026-09-15T00:07:17.670+08:00 level=INFO msg="[tracing] scheduler \"Auto Refresh\" tick: tracing not recording"
time=2026-09-15T00:07:17.671+08:00 level=INFO msg="Auto Refresh: triggered 0 feeds (scanned=23, due=0, stale_reset=0)"
time=2026-09-15T00:07:17.675+08:00 level=INFO msg="[tracing] scheduler \"Content Completion\" tick: tracing not recording"
time=2026-09-15T00:07:17.715+08:00 level=INFO msg="Content Completion: no pending content to complete"
time=2026-09-15T00:08:17.670+08:00 level=INFO msg="[tracing] scheduler \"Auto Refresh\" tick: tracing not recording"
time=2026-09-15T00:08:17.672+08:00 level=INFO msg="Auto Refresh: triggered 0 feeds (scanned=23, due=0, stale_reset=0)"
time=2026-09-15T00:08:17.675+08:00 level=INFO msg="[tracing] scheduler \"Content Completion\" tick: tracing not recording"
time=2026-09-15T00:08:17.730+08:00 level=INFO msg="Content Completion: no pending content to complete"
time=2026-09-15T00:09:17.670+08:00 level=INFO msg="[tracing] scheduler \"Auto Refresh\" tick: tracing not recording"
time=2026-09-15T00:09:17.672+08:00 level=INFO msg="Auto Refresh: triggered 0 feeds (scanned=23, due=0, stale_reset=0)"
time=2026-09-15T00:09:17.675+08:00 level=INFO msg="[tracing] scheduler \"Content Completion\" tick: tracing not recording"
time=2026-09-15T00:09:17.720+08:00 level=INFO msg="Content Completion: no pending content to complete"
[GIN] 2026/09/15 - 00:09:59 | 204 |       0s |             ::1 | OPTIONS  "/api/articles/128256"
[GIN] 2026/09/15 - 00:09:59 | 200 |   4.07ms |             ::1 | GET      "/api/articles/128256"
time=2026-09-15T00:10:17.634+08:00 level=INFO msg="[tracing] scheduler \"Firecrawl Crawler\" tick: tracing not recording"
time=2026-09-15T00:10:17.637+08:00 level=INFO msg="Firecrawl Crawler: no jobs to process"
time=2026-09-15T00:10:17.671+08:00 level=INFO msg="[tracing] scheduler \"Auto Refresh\" tick: tracing not recording"
time=2026-09-15T00:10:17.675+08:00 level=INFO msg="[tracing] scheduler \"Content Completion\" tick: tracing not recording"
time=2026-09-15T00:10:17.676+08:00 level=INFO msg="Auto Refresh: triggered 1 feeds (scanned=23, due=1, stale_reset=0)"
time=2026-09-15T00:10:17.688+08:00 level=INFO msg="[tracing] scheduler \"Cross-Board Relation Expire\" tick: tracing not recording"
time=2026-09-15T00:10:17.691+08:00 level=INFO msg="Cross-Board Relation Expire: expired 0 stale confirmed cross-board relations"
time=2026-09-15T00:10:17.720+08:00 level=INFO msg="Content Completion: no pending content to complete"
time=2026-09-15T00:10:22.683+08:00 level=ERROR msg="Error refreshing feed 1: feed returned HTTP 502"
time=2026-09-15T00:11:17.671+08:00 level=INFO msg="[tracing] scheduler \"Auto Refresh\" tick: tracing not recording"
time=2026-09-15T00:11:17.672+08:00 level=INFO msg="Auto Refresh: triggered 0 feeds (scanned=23, due=0, stale_reset=0)"
time=2026-09-15T00:11:17.675+08:00 level=INFO msg="[tracing] scheduler \"Content Completion\" tick: tracing not recording"
time=2026-09-15T00:11:17.726+08:00 level=INFO msg="Content Completion: no pending content to complete"
time=2026-09-15T00:12:17.670+08:00 level=INFO msg="[tracing] scheduler \"Auto Refresh\" tick: tracing not recording"
time=2026-09-15T00:12:17.672+08:00 level=INFO msg="Auto Refresh: triggered 0 feeds (scanned=23, due=0, stale_reset=0)"
time=2026-09-15T00:12:17.675+08:00 level=INFO msg="[tracing] scheduler \"Content Completion\" tick: tracing not recording"
time=2026-09-15T00:12:17.720+08:00 level=INFO msg="Content Completion: no pending content to complete"
time=2026-09-15T00:13:17.671+08:00 level=INFO msg="[tracing] scheduler \"Auto Refresh\" tick: tracing not recording"
time=2026-09-15T00:13:17.672+08:00 level=INFO msg="Auto Refresh: triggered 0 feeds (scanned=23, due=0, stale_reset=0)"
time=2026-09-15T00:13:17.675+08:00 level=INFO msg="[tracing] scheduler \"Content Completion\" tick: tracing not recording"
time=2026-09-15T00:13:17.723+08:00 level=INFO msg="Content Completion: no pending content to complete"
time=2026-09-15T00:14:17.671+08:00 level=INFO msg="[tracing] scheduler \"Auto Refresh\" tick: tracing not recording"
time=2026-09-15T00:14:17.672+08:00 level=INFO msg="Auto Refresh: triggered 0 feeds (scanned=23, due=0, stale_reset=0)"
time=2026-09-15T00:14:17.675+08:00 level=INFO msg="[tracing] scheduler \"Content Completion\" tick: tracing not recording"
time=2026-09-15T00:14:17.713+08:00 level=INFO msg="Content Completion: no pending content to complete"
time=2026-09-15T00:15:17.634+08:00 level=INFO msg="[tracing] scheduler \"Firecrawl Crawler\" tick: tracing not recording"
time=2026-09-15T00:15:17.639+08:00 level=INFO msg="Firecrawl Crawler: no jobs to process"
time=2026-09-15T00:15:17.671+08:00 level=INFO msg="[tracing] scheduler \"Auto Refresh\" tick: tracing not recording"
time=2026-09-15T00:15:17.672+08:00 level=INFO msg="Auto Refresh: triggered 0 feeds (scanned=23, due=0, stale_reset=0)"
time=2026-09-15T00:15:17.675+08:00 level=INFO msg="[tracing] scheduler \"Content Completion\" tick: tracing not recording"
time=2026-09-15T00:15:17.713+08:00 level=INFO msg="Content Completion: no pending content to complete"
time=2026-09-15T00:16:17.671+08:00 level=INFO msg="[tracing] scheduler \"Auto Refresh\" tick: tracing not recording"
time=2026-09-15T00:16:17.672+08:00 level=INFO msg="Auto Refresh: triggered 0 feeds (scanned=23, due=0, stale_reset=0)"
time=2026-09-15T00:16:17.675+08:00 level=INFO msg="[tracing] scheduler \"Content Completion\" tick: tracing not recording"
time=2026-09-15T00:16:17.716+08:00 level=INFO msg="Content Completion: no pending content to complete"
time=2026-09-15T00:17:17.671+08:00 level=INFO msg="[tracing] scheduler \"Auto Refresh\" tick: tracing not recording"
time=2026-09-15T00:17:17.673+08:00 level=INFO msg="Auto Refresh: triggered 0 feeds (scanned=23, due=0, stale_reset=0)"
time=2026-09-15T00:17:17.675+08:00 level=INFO msg="[tracing] scheduler \"Content Completion\" tick: tracing not recording"
time=2026-09-15T00:17:17.734+08:00 level=INFO msg="Content Completion: no pending content to complete"
[GIN] 2026/09/15 - 00:17:19 | 204 |       0s |             ::1 | OPTIONS  "/api/articles/128230"
[GIN] 2026/09/15 - 00:17:19 | 200 |   3.69ms |             ::1 | GET      "/api/articles/128230"
[GIN] 2026/09/15 - 00:17:20 | 200 |   3.66ms |             ::1 | GET      "/api/articles/128230"
[GIN] 2026/09/15 - 00:17:20 | 204 |       0s |             ::1 | OPTIONS  "/api/content-completion/articles/128230/status"
[GIN] 2026/09/15 - 00:17:20 | 200 |   1.62ms |             ::1 | GET      "/api/content-completion/articles/128230/status"
[GIN] 2026/09/15 - 00:17:26 | 200 |  15.96ms |             ::1 | POST     "/api/reading-behavior/track-batch"
[GIN] 2026/09/15 - 00:17:28 | 204 |       0s |             ::1 | OPTIONS  "/api/daily-reports/topics/89/lifeline"
[GIN] 2026/09/15 - 00:17:28 | 200 |   7.87ms |             ::1 | GET      "/api/daily-reports/topics/89/lifeline"
[GIN] 2026/09/15 - 00:17:31 | 204 |       0s |             ::1 | OPTIONS  "/api/articles/127885"
[GIN] 2026/09/15 - 00:17:31 | 204 |  512.1µs |             ::1 | OPTIONS  "/api/articles/128216"
[GIN] 2026/09/15 - 00:17:31 | 200 |   2.51ms |             ::1 | GET      "/api/articles/128216"
[GIN] 2026/09/15 - 00:17:31 | 200 |   4.92ms |             ::1 | GET      "/api/articles/127885"
[GIN] 2026/09/15 - 00:17:36 | 200 |   3.43ms |             ::1 | GET      "/api/articles/128216"
[GIN] 2026/09/15 - 00:17:36 | 204 |       0s |             ::1 | OPTIONS  "/api/content-completion/articles/128216/status"
[GIN] 2026/09/15 - 00:17:36 | 200 |   1.05ms |             ::1 | GET      "/api/content-completion/articles/128216/status"
[GIN] 2026/09/15 - 00:17:37 | 200 |   4.74ms |             ::1 | POST     "/api/reading-behavior/track-batch"
[GIN] 2026/09/15 - 00:17:38 | 200 |   3.19ms |             ::1 | GET      "/api/articles/127885"
[GIN] 2026/09/15 - 00:17:38 | 204 |       0s |             ::1 | OPTIONS  "/api/content-completion/articles/127885/status"
[GIN] 2026/09/15 - 00:17:38 | 200 |   1.06ms |             ::1 | GET      "/api/content-completion/articles/127885/status"
[GIN] 2026/09/15 - 00:17:44 | 200 |   4.25ms |             ::1 | POST     "/api/reading-behavior/track-batch"
[GIN] 2026/09/15 - 00:17:44 | 200 |  11.52ms |             ::1 | PUT      "/api/articles/127885"
time=2026-09-15T00:18:17.671+08:00 level=INFO msg="[tracing] scheduler \"Auto Refresh\" tick: tracing not recording"
time=2026-09-15T00:18:17.672+08:00 level=INFO msg="Auto Refresh: triggered 0 feeds (scanned=23, due=0, stale_reset=0)"
time=2026-09-15T00:18:17.675+08:00 level=INFO msg="[tracing] scheduler \"Content Completion\" tick: tracing not recording"
time=2026-09-15T00:18:17.718+08:00 level=INFO msg="Content Completion: no pending content to complete"
[GIN] 2026/09/15 - 00:18:33 | 204 |       0s |             ::1 | OPTIONS  "/api/daily-reports/topics/88/lifeline"
[GIN] 2026/09/15 - 00:18:33 | 200 |   8.51ms |             ::1 | GET      "/api/daily-reports/topics/88/lifeline"
[GIN] 2026/09/15 - 00:18:35 | 204 |       0s |             ::1 | OPTIONS  "/api/daily-reports/topics/718/lifeline"
[GIN] 2026/09/15 - 00:18:35 | 200 |   5.76ms |             ::1 | GET      "/api/daily-reports/topics/718/lifeline"
[GIN] 2026/09/15 - 00:18:36 | 204 |       0s |             ::1 | OPTIONS  "/api/articles/128041"
[GIN] 2026/09/15 - 00:18:36 | 200 |   4.71ms |             ::1 | GET      "/api/articles/128041"
[GIN] 2026/09/15 - 00:18:37 | 200 |   3.12ms |             ::1 | GET      "/api/articles/128041"
[GIN] 2026/09/15 - 00:18:37 | 204 |       0s |             ::1 | OPTIONS  "/api/content-completion/articles/128041/status"
[GIN] 2026/09/15 - 00:18:37 | 200 |   1.06ms |             ::1 | GET      "/api/content-completion/articles/128041/status"
[GIN] 2026/09/15 - 00:18:47 | 200 |  14.35ms |             ::1 | POST     "/api/reading-behavior/track-batch"
[GIN] 2026/09/15 - 00:18:48 | 204 |       0s |             ::1 | OPTIONS  "/api/daily-reports/topics/1202/lifeline"
[GIN] 2026/09/15 - 00:18:48 | 200 |   5.42ms |             ::1 | GET      "/api/daily-reports/topics/1202/lifeline"
[GIN] 2026/09/15 - 00:18:56 | 204 |       0s |             ::1 | OPTIONS  "/api/articles/128255"
[GIN] 2026/09/15 - 00:18:56 | 200 |   2.61ms |             ::1 | GET      "/api/articles/128255"
[GIN] 2026/09/15 - 00:19:16 | 204 |       0s |             ::1 | OPTIONS  "/api/articles/128227"
[GIN] 2026/09/15 - 00:19:16 | 200 |   3.69ms |             ::1 | GET      "/api/articles/128227"
[GIN] 2026/09/15 - 00:19:16 | 200 |   3.33ms |             ::1 | GET      "/api/articles/128227"
[GIN] 2026/09/15 - 00:19:16 | 204 |  520.8µs |             ::1 | OPTIONS  "/api/content-completion/articles/128227/status"
[GIN] 2026/09/15 - 00:19:16 | 200 |  516.3µs |             ::1 | GET      "/api/content-completion/articles/128227/status"
time=2026-09-15T00:19:17.670+08:00 level=INFO msg="[tracing] scheduler \"Auto Refresh\" tick: tracing not recording"
time=2026-09-15T00:19:17.672+08:00 level=INFO msg="Auto Refresh: triggered 0 feeds (scanned=23, due=0, stale_reset=0)"
time=2026-09-15T00:19:17.675+08:00 level=INFO msg="[tracing] scheduler \"Content Completion\" tick: tracing not recording"
time=2026-09-15T00:19:17.715+08:00 level=INFO msg="Content Completion: no pending content to complete"
[GIN] 2026/09/15 - 00:19:22 | 200 |  14.47ms |             ::1 | POST     "/api/reading-behavior/track-batch"
[GIN] 2026/09/15 - 00:19:37 | 204 |       0s |             ::1 | OPTIONS  "/api/semantic-boards/2128/composition"
[GIN] 2026/09/15 - 00:19:37 | 204 |       0s |             ::1 | OPTIONS  "/api/semantic-boards/2128/articles?page=1&per_page=50&start_date=2026-09-14&end_date=2026-09-14"
[GIN] 2026/09/15 - 00:19:37 | 204 |       0s |             ::1 | OPTIONS  "/api/semantic-boards/2128/topic-watches"
[GIN] 2026/09/15 - 00:19:37 | 204 |       0s |             ::1 | OPTIONS  "/api/semantic-boards/2128/daily-reports?days=7"
[GIN] 2026/09/15 - 00:19:37 | 200 |  12.21ms |             ::1 | GET      "/api/semantic-boards/2128/articles?page=1&per_page=50&start_date=2026-09-14&end_date=2026-09-14"
[GIN] 2026/09/15 - 00:19:37 | 200 |  25.12ms |             ::1 | GET      "/api/semantic-boards/2128/topic-watches"
[GIN] 2026/09/15 - 00:19:37 | 200 |  26.68ms |             ::1 | GET      "/api/semantic-boards/2128/daily-reports?days=7"
[GIN] 2026/09/15 - 00:19:37 | 204 |       0s |             ::1 | OPTIONS  "/api/daily-reports/780"
[GIN] 2026/09/15 - 00:19:37 | 200 |  30.33ms |             ::1 | GET      "/api/semantic-boards/2128/composition"
[GIN] 2026/09/15 - 00:19:37 | 200 |  21.14ms |             ::1 | GET      "/api/daily-reports/780"
[GIN] 2026/09/15 - 00:19:37 | 204 |       0s |             ::1 | OPTIONS  "/api/daily-reports/topics/1008/lifeline"
[GIN] 2026/09/15 - 00:19:37 | 200 |  11.07ms |             ::1 | GET      "/api/daily-reports/topics/1008/lifeline"
[GIN] 2026/09/15 - 00:19:48 | 204 |  534.5µs |             ::1 | OPTIONS  "/api/daily-reports/topics/1231/lifeline"
[GIN] 2026/09/15 - 00:19:48 | 200 |   4.19ms |             ::1 | GET      "/api/daily-reports/topics/1231/lifeline"
[GIN] 2026/09/15 - 00:19:56 | 204 |       0s |             ::1 | OPTIONS  "/api/semantic-boards/2165/composition"
[GIN] 2026/09/15 - 00:19:56 | 204 |       0s |             ::1 | OPTIONS  "/api/semantic-boards/2165/articles?page=1&per_page=50&start_date=2026-09-14&end_date=2026-09-14"
[GIN] 2026/09/15 - 00:19:56 | 204 |       0s |             ::1 | OPTIONS  "/api/semantic-boards/2165/topic-watches"
[GIN] 2026/09/15 - 00:19:56 | 204 |       0s |             ::1 | OPTIONS  "/api/semantic-boards/2165/daily-reports?days=7"
[GIN] 2026/09/15 - 00:19:56 | 200 |  999.9µs |             ::1 | GET      "/api/semantic-boards/2165/topic-watches"
[GIN] 2026/09/15 - 00:19:56 | 200 |      2ms |             ::1 | GET      "/api/semantic-boards/2165/daily-reports?days=7"
[GIN] 2026/09/15 - 00:19:56 | 204 |       0s |             ::1 | OPTIONS  "/api/daily-reports/781"
[GIN] 2026/09/15 - 00:19:56 | 200 |  21.82ms |             ::1 | GET      "/api/semantic-boards/2165/composition"
[GIN] 2026/09/15 - 00:19:56 | 200 |  12.57ms |             ::1 | GET      "/api/daily-reports/781"
[GIN] 2026/09/15 - 00:19:56 | 200 |  24.64ms |             ::1 | GET      "/api/semantic-boards/2165/articles?page=1&per_page=50&start_date=2026-09-14&end_date=2026-09-14"
[GIN] 2026/09/15 - 00:19:56 | 204 |       0s |             ::1 | OPTIONS  "/api/daily-reports/topics/95/lifeline"
[GIN] 2026/09/15 - 00:19:56 | 200 |  20.57ms |             ::1 | GET      "/api/daily-reports/topics/95/lifeline"
[GIN] 2026/09/15 - 00:20:13 | 204 |       0s |             ::1 | OPTIONS  "/api/articles/128126"
[GIN] 2026/09/15 - 00:20:13 | 200 |  13.61ms |             ::1 | GET      "/api/articles/128126"
[GIN] 2026/09/15 - 00:20:16 | 204 |       0s |             ::1 | OPTIONS  "/api/articles/128063"
[GIN] 2026/09/15 - 00:20:16 | 204 |       0s |             ::1 | OPTIONS  "/api/articles/128186"
[GIN] 2026/09/15 - 00:20:16 | 200 |   3.12ms |             ::1 | GET      "/api/articles/128063"
[GIN] 2026/09/15 - 00:20:16 | 200 |   4.16ms |             ::1 | GET      "/api/articles/128186"
time=2026-09-15T00:20:17.635+08:00 level=INFO msg="[tracing] scheduler \"Firecrawl Crawler\" tick: tracing not recording"
time=2026-09-15T00:20:17.641+08:00 level=INFO msg="Firecrawl Crawler: no jobs to process"
time=2026-09-15T00:20:17.671+08:00 level=INFO msg="[tracing] scheduler \"Auto Refresh\" tick: tracing not recording"
time=2026-09-15T00:20:17.672+08:00 level=INFO msg="Auto Refresh: triggered 0 feeds (scanned=23, due=0, stale_reset=0)"
time=2026-09-15T00:20:17.675+08:00 level=INFO msg="[tracing] scheduler \"Content Completion\" tick: tracing not recording"
time=2026-09-15T00:20:17.717+08:00 level=INFO msg="Content Completion: no pending content to complete"
[GIN] 2026/09/15 - 00:20:23 | 204 |       0s |             ::1 | OPTIONS  "/api/daily-reports/topics/19/lifeline"
[GIN] 2026/09/15 - 00:20:23 | 200 |   5.31ms |             ::1 | GET      "/api/daily-reports/topics/19/lifeline"
[GIN] 2026/09/15 - 00:20:26 | 204 |       0s |             ::1 | OPTIONS  "/api/semantic-boards/2272/composition"
[GIN] 2026/09/15 - 00:20:26 | 204 |  550.7µs |             ::1 | OPTIONS  "/api/semantic-boards/2272/articles?page=1&per_page=50&start_date=2026-09-14&end_date=2026-09-14"
[GIN] 2026/09/15 - 00:20:26 | 204 |  550.7µs |             ::1 | OPTIONS  "/api/semantic-boards/2272/topic-watches"
[GIN] 2026/09/15 - 00:20:26 | 204 |       0s |             ::1 | OPTIONS  "/api/semantic-boards/2272/daily-reports?days=7"
[GIN] 2026/09/15 - 00:20:26 | 200 |    1.5ms |             ::1 | GET      "/api/semantic-boards/2272/topic-watches"
[GIN] 2026/09/15 - 00:20:26 | 200 |   4.69ms |             ::1 | GET      "/api/semantic-boards/2272/daily-reports?days=7"
[GIN] 2026/09/15 - 00:20:26 | 204 |       0s |             ::1 | OPTIONS  "/api/daily-reports/784"
[GIN] 2026/09/15 - 00:20:26 | 200 |  15.39ms |             ::1 | GET      "/api/semantic-boards/2272/articles?page=1&per_page=50&start_date=2026-09-14&end_date=2026-09-14"
[GIN] 2026/09/15 - 00:20:27 | 200 |  39.99ms |             ::1 | GET      "/api/daily-reports/784"
[GIN] 2026/09/15 - 00:20:27 | 204 |       0s |             ::1 | OPTIONS  "/api/daily-reports/topics/1030/lifeline"
[GIN] 2026/09/15 - 00:20:27 | 200 |  11.93ms |             ::1 | GET      "/api/daily-reports/topics/1030/lifeline"
[GIN] 2026/09/15 - 00:20:27 | 200 |  68.54ms |             ::1 | GET      "/api/semantic-boards/2272/composition"
[GIN] 2026/09/15 - 00:20:40 | 204 |       0s |             ::1 | OPTIONS  "/api/daily-reports/topics/1010/lifeline"
[GIN] 2026/09/15 - 00:20:40 | 200 |   6.36ms |             ::1 | GET      "/api/daily-reports/topics/1010/lifeline"
[GIN] 2026/09/15 - 00:21:10 | 204 |       0s |             ::1 | OPTIONS  "/api/daily-reports/topics/1011/lifeline"
[GIN] 2026/09/15 - 00:21:10 | 200 |   8.22ms |             ::1 | GET      "/api/daily-reports/topics/1011/lifeline"
time=2026-09-15T00:21:17.670+08:00 level=INFO msg="[tracing] scheduler \"Auto Refresh\" tick: tracing not recording"
time=2026-09-15T00:21:17.672+08:00 level=INFO msg="Auto Refresh: triggered 0 feeds (scanned=23, due=0, stale_reset=0)"
time=2026-09-15T00:21:17.675+08:00 level=INFO msg="[tracing] scheduler \"Content Completion\" tick: tracing not recording"
time=2026-09-15T00:21:17.733+08:00 level=INFO msg="Content Completion: no pending content to complete"
[GIN] 2026/09/15 - 00:21:19 | 204 |       0s |             ::1 | OPTIONS  "/api/daily-reports/757"
[GIN] 2026/09/15 - 00:21:19 | 200 |  51.17ms |             ::1 | GET      "/api/daily-reports/757"
[GIN] 2026/09/15 - 00:21:20 | 204 |       0s |             ::1 | OPTIONS  "/api/daily-reports/764"
[GIN] 2026/09/15 - 00:21:20 | 200 |  24.69ms |             ::1 | GET      "/api/daily-reports/764"
[GIN] 2026/09/15 - 00:21:28 | 204 |       0s |             ::1 | OPTIONS  "/api/articles/126846"
[GIN] 2026/09/15 - 00:21:28 | 200 |   3.58ms |             ::1 | GET      "/api/articles/126846"
[GIN] 2026/09/15 - 00:21:30 | 200 |   2.13ms |             ::1 | GET      "/api/articles/126846"
[GIN] 2026/09/15 - 00:21:30 | 204 |       0s |             ::1 | OPTIONS  "/api/content-completion/articles/126846/status"
[GIN] 2026/09/15 - 00:21:30 | 200 |   1.07ms |             ::1 | GET      "/api/content-completion/articles/126846/status"
[GIN] 2026/09/15 - 00:21:31 | 200 |   5.73ms |             ::1 | POST     "/api/reading-behavior/track-batch"
[GIN] 2026/09/15 - 00:21:40 | 204 |       0s |             ::1 | OPTIONS  "/api/daily-reports/topics/501/lifeline"
[GIN] 2026/09/15 - 00:21:40 | 200 |   8.78ms |             ::1 | GET      "/api/daily-reports/topics/501/lifeline"
time=2026-09-15T00:22:17.670+08:00 level=INFO msg="[tracing] scheduler \"Auto Refresh\" tick: tracing not recording"
time=2026-09-15T00:22:17.674+08:00 level=INFO msg="Auto Refresh: triggered 0 feeds (scanned=23, due=0, stale_reset=0)"
time=2026-09-15T00:22:17.675+08:00 level=INFO msg="[tracing] scheduler \"Content Completion\" tick: tracing not recording"
time=2026-09-15T00:22:17.714+08:00 level=INFO msg="Content Completion: no pending content to complete"
[GIN] 2026/09/15 - 00:22:23 | 204 |       0s |             ::1 | OPTIONS  "/api/semantic-boards/3030/composition"
[GIN] 2026/09/15 - 00:22:23 | 204 |       0s |             ::1 | OPTIONS  "/api/semantic-boards/3030/articles?page=1&per_page=50&start_date=2026-09-14&end_date=2026-09-14"
[GIN] 2026/09/15 - 00:22:23 | 204 |       0s |             ::1 | OPTIONS  "/api/semantic-boards/3030/topic-watches"
[GIN] 2026/09/15 - 00:22:23 | 204 |       0s |             ::1 | OPTIONS  "/api/semantic-boards/3030/daily-reports?days=7"
[GIN] 2026/09/15 - 00:22:24 | 200 |  20.07ms |             ::1 | GET      "/api/semantic-boards/3030/articles?page=1&per_page=50&start_date=2026-09-14&end_date=2026-09-14"
[GIN] 2026/09/15 - 00:22:24 | 200 |  79.65ms |             ::1 | GET      "/api/semantic-boards/3030/composition"
[GIN] 2026/09/15 - 00:22:24 | 200 |  524.9µs |             ::1 | GET      "/api/semantic-boards/3030/topic-watches"
[GIN] 2026/09/15 - 00:22:24 | 200 |   1.55ms |             ::1 | GET      "/api/semantic-boards/3030/daily-reports?days=7"
[GIN] 2026/09/15 - 00:22:24 | 204 |       0s |             ::1 | OPTIONS  "/api/daily-reports/785"
[GIN] 2026/09/15 - 00:22:24 | 200 |  21.84ms |             ::1 | GET      "/api/daily-reports/785"
[GIN] 2026/09/15 - 00:22:24 | 204 |       0s |             ::1 | OPTIONS  "/api/daily-reports/topics/502/lifeline"
[GIN] 2026/09/15 - 00:22:24 | 200 |   10.7ms |             ::1 | GET      "/api/daily-reports/topics/502/lifeline"
time=2026-09-15T00:23:17.670+08:00 level=INFO msg="[tracing] scheduler \"Auto Refresh\" tick: tracing not recording"
time=2026-09-15T00:23:17.672+08:00 level=INFO msg="Auto Refresh: triggered 0 feeds (scanned=23, due=0, stale_reset=0)"
time=2026-09-15T00:23:17.675+08:00 level=INFO msg="[tracing] scheduler \"Content Completion\" tick: tracing not recording"
time=2026-09-15T00:23:17.715+08:00 level=INFO msg="Content Completion: no pending content to complete"
[GIN] 2026/09/15 - 00:23:29 | 204 |       0s |             ::1 | OPTIONS  "/api/daily-reports/topics/101/lifeline"
[GIN] 2026/09/15 - 00:23:29 | 200 |   9.49ms |             ::1 | GET      "/api/daily-reports/topics/101/lifeline"
[GIN] 2026/09/15 - 00:23:31 | 204 |       0s |             ::1 | OPTIONS  "/api/articles/128152"
[GIN] 2026/09/15 - 00:23:31 | 204 |       0s |             ::1 | OPTIONS  "/api/articles/128203"
[GIN] 2026/09/15 - 00:23:31 | 204 |  514.5µs |             ::1 | OPTIONS  "/api/articles/128224"
[GIN] 2026/09/15 - 00:23:31 | 200 |   3.58ms |             ::1 | GET      "/api/articles/127929"
[GIN] 2026/09/15 - 00:23:31 | 200 |   3.07ms |             ::1 | GET      "/api/articles/128009"
[GIN] 2026/09/15 - 00:23:31 | 200 |   4.07ms |             ::1 | GET      "/api/articles/128040"
[GIN] 2026/09/15 - 00:23:31 | 200 |   4.62ms |             ::1 | GET      "/api/articles/128152"
[GIN] 2026/09/15 - 00:23:31 | 200 |   4.62ms |             ::1 | GET      "/api/articles/128203"
[GIN] 2026/09/15 - 00:23:31 | 200 |   3.01ms |             ::1 | GET      "/api/articles/128224"
[GIN] 2026/09/15 - 00:23:35 | 200 |   2.61ms |             ::1 | GET      "/api/articles/127929"
[GIN] 2026/09/15 - 00:23:35 | 200 |  525.9µs |             ::1 | GET      "/api/content-completion/articles/127929/status"
[GIN] 2026/09/15 - 00:23:42 | 200 |   4.81ms |             ::1 | POST     "/api/reading-behavior/track-batch"
[GIN] 2026/09/15 - 00:23:50 | 200 |   2.67ms |             ::1 | GET      "/api/articles/128224"
[GIN] 2026/09/15 - 00:23:50 | 204 |       0s |             ::1 | OPTIONS  "/api/content-completion/articles/128224/status"
[GIN] 2026/09/15 - 00:23:50 | 200 |  540.1µs |             ::1 | GET      "/api/content-completion/articles/128224/status"
time=2026-09-15T00:24:17.670+08:00 level=INFO msg="[tracing] scheduler \"Auto Refresh\" tick: tracing not recording"
time=2026-09-15T00:24:17.672+08:00 level=INFO msg="Auto Refresh: triggered 0 feeds (scanned=23, due=0, stale_reset=0)"
time=2026-09-15T00:24:17.675+08:00 level=INFO msg="[tracing] scheduler \"Content Completion\" tick: tracing not recording"
time=2026-09-15T00:24:17.726+08:00 level=INFO msg="Content Completion: no pending content to complete"
[GIN] 2026/09/15 - 00:24:20 | 200 |  14.08ms |             ::1 | POST     "/api/reading-behavior/track-batch"
time=2026-09-15T00:25:17.634+08:00 level=INFO msg="[tracing] scheduler \"Firecrawl Crawler\" tick: tracing not recording"
time=2026-09-15T00:25:17.637+08:00 level=INFO msg="Firecrawl Crawler: no jobs to process"
time=2026-09-15T00:25:17.670+08:00 level=INFO msg="[tracing] scheduler \"Auto Refresh\" tick: tracing not recording"
time=2026-09-15T00:25:17.671+08:00 level=INFO msg="Auto Refresh: triggered 0 feeds (scanned=23, due=0, stale_reset=0)"
time=2026-09-15T00:25:17.717+08:00 level=INFO msg="Content Completion: no pending content to complete"
time=2026-09-15T00:26:17.670+08:00 level=INFO msg="[tracing] scheduler \"Auto Refresh\" tick: tracing not recording"
time=2026-09-15T00:26:17.674+08:00 level=INFO msg="[tracing] scheduler \"Content Completion\" tick: tracing not recording"
time=2026-09-15T00:26:17.675+08:00 level=INFO msg="Auto Refresh: triggered 1 feeds (scanned=23, due=1, stale_reset=0)"
time=2026-09-15T00:26:17.713+08:00 level=INFO msg="Content Completion: no pending content to complete"
time=2026-09-15T00:26:22.691+08:00 level=ERROR msg="Error refreshing feed 1: feed returned HTTP 502"
time=2026-09-15T00:27:17.671+08:00 level=INFO msg="[tracing] scheduler \"Auto Refresh\" tick: tracing not recording"
time=2026-09-15T00:27:17.675+08:00 level=INFO msg="[tracing] scheduler \"Content Completion\" tick: tracing not recording"
time=2026-09-15T00:27:17.696+08:00 level=INFO msg="Auto Refresh: triggered 6 feeds (scanned=23, due=6, stale_reset=0)"
time=2026-09-15T00:27:17.745+08:00 level=INFO msg="Content Completion: no pending content to complete"
time=2026-09-15T00:27:17.834+08:00 level=ERROR msg="Error refreshing feed 20: failed to parse feed: Failed to detect feed type"
time=2026-09-15T00:27:17.898+08:00 level=INFO msg="[cleanup] feed 12: max=100, active=113"
time=2026-09-15T00:27:17.899+08:00 level=INFO msg="[cleanup] feed 12: keep=0 (favorite), archive candidates=113"
time=2026-09-15T00:27:17.899+08:00 level=INFO msg="[cleanup] feed 12: archiving 13 articles, IDs=[116513 116514 116515 116516 116517 116518 116519 114351 114352 114353 114354 114355 114356]"
time=2026-09-15T00:27:18.280+08:00 level=INFO msg="icon: candidate \"https://paper.seebug.org/favicon.ico\" download failed for feed 23: icon download returned HTTP 404"
time=2026-09-15T00:27:18.284+08:00 level=INFO msg="[cleanup] feed 23: max=100, active=40"
time=2026-09-15T00:27:18.284+08:00 level=INFO msg="[cleanup] feed 23: skip, active article count within limit"
time=2026-09-15T00:27:22.699+08:00 level=ERROR msg="Error refreshing feed 3: feed returned HTTP 502"
time=2026-09-15T00:27:22.702+08:00 level=ERROR msg="Error refreshing feed 6: feed returned HTTP 502"
time=2026-09-15T00:27:22.809+08:00 level=INFO msg="findOrCreateTag: start label=\"Meta\" slug=\"meta\" category=keyword source=llm"
time=2026-09-15T00:27:22.809+08:00 level=INFO msg="TagMatch: start label=\"Meta\" slug=\"meta\" category=keyword threshold=0.92"
time=2026-09-15T00:27:22.812+08:00 level=INFO msg="TagMatch: label=\"Meta\" category=keyword result=exact reason=slug existingID=351 existingLabel=\"Meta\""
time=2026-09-15T00:27:22.812+08:00 level=INFO msg="findOrCreateTag: label=\"Meta\" category=keyword matchType=exact existingID=351 existingLabel=\"Meta\""
time=2026-09-15T00:27:22.939+08:00 level=INFO msg="findOrCreateTag: start label=\"奥斯陆\" slug=\"奥斯陆\" category=keyword source=llm"
time=2026-09-15T00:27:22.939+08:00 level=INFO msg="TagMatch: start label=\"奥斯陆\" slug=\"奥斯陆\" category=keyword threshold=0.92"
time=2026-09-15T00:27:25.121+08:00 level=INFO msg="findOrCreateTag: start label=\"Lumus\" slug=\"lumus\" category=keyword source=llm"
time=2026-09-15T00:27:25.122+08:00 level=INFO msg="TagMatch: start label=\"Lumus\" slug=\"lumus\" category=keyword threshold=0.92"
time=2026-09-15T00:27:25.493+08:00 level=WARN msg="[SLOW SQL] 1977.145ms > 200ms | rows=20 | \n\t\tSELECT t.id AS tag_id, e.embedding <=> '[0.000036,0.030397,0.007206,0.024275,-0.000940,0.039181,0.049725,-0.020549,0.064303,-0.006942,0.011123,-0.008872,0.012020,-0.024261,0.004271,-0.018135,0.001557,-0.050077,-0.027565,-0.003403,-0.014584,0.015903,0.021763,0.046998,0.009544,-0.013967,-0.030543,0.002010,-0.015558,0.001423,-0.018588,-0.043340,0.031703,0.016810,0.008419,-0.018209,0.022089,-0.001765,-0.037285,0.003308,0.012239,-0.031732,0.035008,0.013365,-0.002220,0.006829,0.012164,-0.003593,-0.003160,-0.022954,-0.000245,-0.005700,0.005010,-0.010205,0.047790,-0.030376,0.085450,-0.009630,-0.009771,0.053817,-0.005392,0.041105,-0.028553,-0.036280,-0.005465,-0.017423,-0.015661,-0.029302,0.021335,0.005691,0.024114,-0.052015,-0.009937,0.008884,-0.038485,-0.033184,-0.011459,0.020557,-0.034856,0.001321,0.000481,0.020733,0.012169,0.066039,0.028530,0.039956,-0.003112,-0.019726,-0.009660,0.006006,-0.012249,-0.035010,-0.004939,-0.013087,-0.002025,-0.018103,0.013625,-0.020395,-0.005378,0.009138,-0.004145,-0.047570,0.037621,-0.019887,0.025921,-0.022219,-0.016343,-0.020474,-0.000219,0.001873,-0.007822,-0.011163,-0.009128,0.007944,-0.000893,-0.025295,0.027606,0.060336,-0.001646,0.023578,-0.003466,0.016120,-0.006421,-0.005079,-0.000080,-0.039303,0.005106,-0.016008,0.004245,0.006054,0.049982,-0.005280,-0.002029,-0.011829,0.019091,-0.001426,0.000079,0.012847,0.000503,0.006647,-0.004514,0.014011,0.012648,-0.025328,-0.015395,-0.040826,-0.009471,0.015186,0.013609,0.000411,0.006545,0.005833,0.037054,0.031281,0.006108,0.014644,-0.015055,0.021364,0.029368,0.031316,-0.036762,0.012265,-0.014291,0.040226,-0.002178,0.015919,0.010286,-0.002174,0.005905,-0.026068,0.019224,-0.028650,-0.025924,-0.030528,-0.013690,-0.023097,-0.015526,-0.021917,0.010143,0.014143,0.001889,0.004893,-0.027730,0.004603,0.001074,-0.002058,-0.013433,0.002003,0.023153,0.001679,-0.019961,0.021771,0.011407,-0.016149,-0.017996,-0.021950,-0.004982,-0.026575,-0.003860,0.034372,-0.002283,-0.007257,0.003614,-0.015132,0.004006,0.00... [truncated]"
time=2026-09-15T00:27:25.493+08:00 level=WARN msg="[SLOW SQL] 221.695ms > 200ms | rows=20 | \n\t\tSELECT t.id AS tag_id, e.embedding <=> '[-0.000171,0.012511,-0.048967,-0.026208,-0.001503,0.058220,0.056407,0.072603,0.062635,-0.017950,-0.004155,-0.011092,0.019846,0.019119,0.095702,-0.028127,-0.013833,-0.002159,0.051257,0.000387,-0.026993,0.013580,0.054032,0.054246,-0.075841,-0.039630,-0.022940,0.112222,0.008551,0.074871,0.027113,-0.036134,-0.014570,0.018647,0.005690,-0.033700,0.008751,-0.000233,-0.064321,0.005122,0.024096,-0.034049,0.057005,0.011718,-0.006967,0.002770,0.010760,-0.000564,-0.001557,-0.022998,0.002481,-0.007608,0.027597,-0.015407,0.002069,0.010359,0.147288,-0.008874,-0.013548,0.001915,-0.013862,0.012628,-0.035823,-0.012399,-0.000091,-0.028851,0.002091,-0.037336,0.029137,0.006209,-0.004109,-0.021829,-0.011730,0.036626,-0.013752,-0.035198,-0.010700,0.033533,-0.014914,0.003978,-0.023777,0.016820,0.038467,0.005685,0.038734,-0.011039,0.005445,-0.015373,-0.019117,0.015260,0.001153,0.009933,-0.004966,-0.011370,-0.000001,0.004049,0.013752,-0.005700,0.004211,-0.004266,-0.011445,-0.034411,0.028505,-0.009397,0.050654,-0.027748,-0.001795,-0.007231,-0.017141,-0.004952,-0.011890,0.021908,-0.009252,0.014640,-0.012193,-0.013493,0.037756,0.070260,-0.010622,0.030500,-0.000612,0.034123,-0.015853,0.022596,0.016162,-0.032223,0.004112,-0.011597,-0.023197,0.027685,0.029940,0.004208,-0.009233,-0.038935,-0.017065,0.010033,0.022341,0.015076,0.008837,0.014323,-0.009578,0.019412,-0.006865,0.013616,-0.031088,-0.024220,0.010135,0.027216,0.018449,-0.001257,0.012122,0.011149,0.032326,0.043640,0.018735,0.034619,-0.030208,-0.002130,0.016285,0.021708,-0.031259,0.025834,-0.022157,0.067821,0.009672,0.011260,0.019126,-0.003237,0.022328,0.001587,0.007593,-0.026721,0.019287,-0.008977,-0.009056,-0.007675,-0.023076,-0.002574,0.005008,0.037876,0.015659,0.006531,0.007964,0.019077,0.024873,0.004747,-0.000211,0.024123,0.023959,-0.014979,-0.057049,0.024041,-0.007224,-0.006577,-0.009843,-0.028585,-0.009803,0.000824,-0.006926,0.019055,-0.002525,0.007777,-0.001491,-0.004916,0.003277,0.015022,0.0... [truncated]"
time=2026-09-15T00:27:25.494+08:00 level=INFO msg="TagMatch: label=\"奥斯陆\" category=keyword similarity search returned totalCandidates=20 bestSimilarity=0.7276"
time=2026-09-15T00:27:25.494+08:00 level=INFO msg="TagMatch: label=\"奥斯陆\" category=keyword result=no_match reason=below_low_similarity bestSimilarity=0.7276"
time=2026-09-15T00:27:25.494+08:00 level=INFO msg="findOrCreateTag: label=\"奥斯陆\" category=keyword matchType=no_match"
time=2026-09-15T00:27:25.494+08:00 level=INFO msg="TagMatch: label=\"Lumus\" category=keyword similarity search returned totalCandidates=20 bestSimilarity=0.7607"
time=2026-09-15T00:27:25.494+08:00 level=INFO msg="TagMatch: label=\"Lumus\" category=keyword result=no_match reason=below_low_similarity bestSimilarity=0.7607"
time=2026-09-15T00:27:25.494+08:00 level=INFO msg="findOrCreateTag: label=\"Lumus\" category=keyword matchType=no_match"
time=2026-09-15T00:27:25.495+08:00 level=INFO msg="findOrCreateTag: label=\"奥斯陆\" category=keyword fallback=create_new"
time=2026-09-15T00:27:25.497+08:00 level=INFO msg="findOrCreateTag: label=\"Lumus\" category=keyword fallback=create_new"
time=2026-09-15T00:27:27.691+08:00 level=ERROR msg="Error refreshing feed 29: failed to fetch feed: Get \"https://www.v2ex.com/feed/tab/tech.xml\": net/http: TLS handshake timeout"
time=2026-09-15T00:27:28.514+08:00 level=INFO msg="findOrCreateTag: start label=\"AR平视显示器\" slug=\"ar平视显示器\" category=keyword source=llm"
time=2026-09-15T00:27:28.514+08:00 level=INFO msg="TagMatch: start label=\"AR平视显示器\" slug=\"ar平视显示器\" category=keyword threshold=0.92"
time=2026-09-15T00:27:29.654+08:00 level=WARN msg="[SLOW SQL] 946.922ms > 200ms | rows=20 | \n\t\tSELECT t.id AS tag_id, e.embedding <=> '[-0.000278,-0.026860,-0.039076,-0.002634,-0.002169,0.046072,0.053516,-0.037539,0.050166,-0.015635,0.003936,0.010391,0.013319,-0.055440,0.085128,-0.026742,-0.017469,-0.025756,0.010431,0.000994,-0.015598,0.017079,0.020010,0.025956,-0.035532,-0.015853,-0.025207,-0.024008,0.004178,0.013844,0.024181,-0.012448,0.054464,0.023560,0.007137,-0.011500,0.027719,-0.000732,-0.043225,0.067303,0.009621,-0.022778,0.017199,0.019149,0.023646,0.000675,0.013871,-0.019858,0.001550,-0.031180,0.004354,-0.004169,-0.034927,-0.021367,0.005828,0.024158,0.102133,-0.002962,-0.013946,0.022003,-0.005945,0.037646,-0.041846,-0.016223,-0.004571,-0.023826,-0.016926,-0.006340,0.017719,0.003850,0.006680,-0.052386,0.001293,0.016417,0.004429,-0.027922,-0.004090,0.021916,-0.026744,-0.010722,-0.027846,-0.005436,0.017733,0.021916,0.031065,0.009658,0.017890,-0.004336,-0.017426,0.016944,-0.000570,-0.026955,-0.010785,-0.023245,0.005079,0.000755,-0.010022,-0.009123,0.003904,-0.005548,-0.003303,-0.032780,0.017695,-0.012529,0.011751,-0.024621,0.004011,0.001436,-0.002746,0.001423,-0.014928,-0.008856,-0.007844,0.009687,-0.008864,-0.020476,0.001340,0.026151,0.009869,0.068131,0.012263,0.020225,-0.006215,0.015963,0.018131,-0.043373,-0.022801,0.012077,-0.024118,0.006010,0.055850,-0.030210,0.023562,-0.018392,0.033006,-0.027691,-0.000794,-0.010347,-0.005018,0.012975,0.003869,0.021990,0.008669,-0.005311,0.003327,-0.051146,-0.003182,0.007381,0.010692,0.013559,0.023216,-0.015296,0.027996,0.029477,0.001767,-0.008425,-0.039833,0.029194,0.006353,0.015404,-0.031546,0.031153,0.011840,0.034244,0.008699,0.019327,0.026867,-0.009292,-0.001545,0.017533,0.007057,-0.009674,0.003308,-0.016639,-0.018091,-0.004513,-0.030366,-0.030245,0.011377,-0.004991,-0.009333,-0.018786,0.069775,0.009906,0.003468,0.009269,-0.018080,-0.004630,0.040594,-0.010081,-0.037424,0.016678,-0.002988,-0.000055,-0.000215,0.013825,-0.013677,-0.037703,0.005207,0.025450,0.002835,0.019303,0.023704,0.002984,0.025128,-0.009270,-0.... [truncated]"
time=2026-09-15T00:27:29.654+08:00 level=INFO msg="TagMatch: label=\"AR平视显示器\" category=keyword similarity search returned totalCandidates=20 bestSimilarity=0.7200"
time=2026-09-15T00:27:29.654+08:00 level=INFO msg="TagMatch: label=\"AR平视显示器\" category=keyword result=no_match reason=below_low_similarity bestSimilarity=0.7200"
time=2026-09-15T00:27:29.654+08:00 level=INFO msg="findOrCreateTag: label=\"AR平视显示器\" category=keyword matchType=no_match"
time=2026-09-15T00:27:29.656+08:00 level=INFO msg="findOrCreateTag: label=\"AR平视显示器\" category=keyword fallback=create_new"
time=2026-09-15T00:27:30.843+08:00 level=WARN msg="[SLOW SQL] 5166.180ms > 200ms | rows=5820 | SELECT id, merge_embedding FROM \"semantic_labels\" WHERE label_type = 'auxiliary' AND status = 'active' AND merge_embedding IS NOT NULL"
time=2026-09-15T00:27:31.383+08:00 level=WARN msg="auxiliary label dedup gate slow: label=\"Lumus\" took=5.8792s (>50ms), review L1/L2 (embedder/merge) performance"
time=2026-09-15T00:27:31.383+08:00 level=WARN msg="auxiliary label dedup gate slow: label=\"奥斯陆\" took=5.8786092s (>50ms), review L1/L2 (embedder/merge) performance"
time=2026-09-15T00:27:31.503+08:00 level=WARN msg="auxiliary label dedup gate slow: label=\"AR平视显示器\" took=130.5184ms (>50ms), review L1/L2 (embedder/merge) performance"
time=2026-09-15T00:27:31.776+08:00 level=INFO msg="findOrCreateTag: start label=\"挪威奥斯陆学校禁用智能眼镜\" slug=\"挪威奥斯陆学校禁用智能眼镜\" category=event source=llm"
time=2026-09-15T00:27:31.777+08:00 level=INFO msg="TagMatch: start label=\"挪威奥斯陆学校禁用智能眼镜\" slug=\"挪威奥斯陆学校禁用智能眼镜\" category=event threshold=0.92"
time=2026-09-15T00:27:31.778+08:00 level=INFO msg="findOrCreateTag: start label=\"Lumus 与水晶光电签署几何波导制造协议\" slug=\"lumus 与水晶光电签署几何波导制造协议\" category=event source=llm"
time=2026-09-15T00:27:31.778+08:00 level=INFO msg="TagMatch: start label=\"Lumus 与水晶光电签署几何波导制造协议\" slug=\"lumus 与水晶光电签署几何波导制造协议\" category=event threshold=0.92"
time=2026-09-15T00:27:31.993+08:00 level=INFO msg="findOrCreateTag: start label=\"Distance Technologies\" slug=\"distance technologies\" category=keyword source=llm"
time=2026-09-15T00:27:31.993+08:00 level=INFO msg="TagMatch: start label=\"Distance Technologies\" slug=\"distance technologies\" category=keyword threshold=0.92"
time=2026-09-15T00:27:33.283+08:00 level=WARN msg="[SLOW SQL] 830.108ms > 200ms | rows=20 | \n\t\tSELECT t.id AS tag_id, e.embedding <=> '[0.000046,0.009187,-0.034512,-0.037165,-0.000668,0.066643,0.067259,-0.004240,0.054851,0.054882,0.007655,0.013805,0.014214,-0.044593,0.051508,-0.005850,-0.033177,-0.009246,-0.000243,-0.000782,-0.023415,0.020457,0.044066,0.053743,-0.069859,-0.027009,-0.026570,0.125110,-0.016228,0.018594,0.040784,-0.027408,0.049991,0.002628,0.007052,-0.036875,0.010905,-0.003385,-0.011020,0.029122,0.024920,-0.042660,0.036352,0.006405,-0.031237,0.025097,0.017233,0.004791,0.000961,-0.031846,0.001849,-0.002825,-0.015197,-0.026572,0.025876,0.009162,0.055777,-0.018998,-0.021161,0.011967,-0.011386,0.014891,-0.031106,-0.014908,-0.003321,-0.021866,-0.006839,-0.046683,0.021832,-0.011664,-0.005990,-0.022653,-0.008935,0.015013,0.008342,-0.031325,-0.012228,0.007400,-0.023805,0.018285,-0.027127,-0.006460,0.022030,0.024614,0.028960,-0.009711,0.015028,-0.009111,-0.034551,0.018080,-0.007072,0.009989,0.011440,-0.005830,-0.000628,0.003098,0.010471,-0.016443,0.004334,0.001836,-0.013545,-0.030952,0.029546,-0.014173,0.001387,-0.020072,-0.015921,-0.006775,-0.009021,0.006569,-0.012764,-0.019122,-0.007986,0.024332,-0.013952,-0.004695,0.016574,0.037198,0.006798,0.070649,-0.007779,0.018838,-0.016300,0.035505,0.008364,-0.048901,-0.013084,-0.004135,-0.001657,0.021502,0.046870,0.002037,-0.024756,-0.021801,-0.005902,-0.000103,0.005455,0.005777,0.001719,0.006749,-0.010253,0.032822,-0.003392,-0.002642,-0.009172,-0.064276,-0.013343,0.020046,0.026638,-0.004552,0.006346,0.006900,0.038967,0.023220,-0.004864,0.016152,-0.034004,0.012827,0.020369,0.032159,-0.009027,0.010372,-0.008061,0.023033,-0.000949,0.020345,0.015649,-0.004024,-0.014915,-0.018859,0.028252,-0.023079,0.011795,-0.007008,-0.016135,0.009987,-0.002851,-0.005007,-0.011744,0.005283,-0.003029,0.003886,0.049488,-0.003667,0.018577,0.001424,-0.000302,0.014162,0.008985,-0.004936,-0.040234,0.032388,-0.006625,-0.005901,-0.026602,-0.009987,-0.012354,-0.024125,0.010843,0.031339,-0.012870,0.013202,0.001152,0.008504,0.018344,0.0129... [truncated]"
time=2026-09-15T00:27:33.284+08:00 level=INFO msg="TagMatch: label=\"Distance Technologies\" category=keyword similarity search returned totalCandidates=20 bestSimilarity=0.8504"
time=2026-09-15T00:27:33.284+08:00 level=INFO msg="TagMatch: label=\"Distance Technologies\" category=keyword result=no_match reason=below_low_similarity bestSimilarity=0.8504"
time=2026-09-15T00:27:33.285+08:00 level=INFO msg="findOrCreateTag: label=\"Distance Technologies\" category=keyword matchType=no_match"
time=2026-09-15T00:27:33.285+08:00 level=INFO msg="findOrCreateTag: label=\"Distance Technologies\" category=keyword fallback=create_new"
time=2026-09-15T00:27:33.518+08:00 level=WARN msg="[SLOW SQL] 1160.977ms > 200ms | rows=20 | \n\t\tSELECT t.id AS tag_id, e.embedding <=> '[-0.000331,-0.006732,-0.009033,0.009761,-0.002603,0.056453,0.038770,0.041500,0.062478,-0.047325,0.006846,0.006917,0.015464,-0.048499,0.048231,-0.016000,0.021398,-0.037985,0.006835,-0.000079,-0.011068,0.037292,0.062179,-0.006695,0.019170,-0.011816,-0.033511,-0.051010,-0.009244,0.039105,-0.011143,-0.033497,0.042295,0.025367,0.005401,-0.008389,0.022048,-0.003460,-0.039364,0.045706,0.012334,-0.022681,0.021483,0.014526,0.005984,-0.006105,0.011582,-0.008107,0.004555,-0.019685,0.009764,-0.002803,0.016561,-0.015597,0.033796,0.005446,0.102631,-0.009035,-0.017693,0.030324,-0.009081,-0.002872,-0.001544,-0.015445,-0.001876,-0.019932,-0.013754,-0.014657,0.016101,0.004333,0.002051,-0.051903,-0.014903,0.019293,-0.007810,-0.034539,-0.009357,0.023780,-0.004444,-0.005770,-0.029361,0.023893,0.019146,0.029762,0.048566,0.021234,0.009227,-0.009539,-0.046800,0.014096,-0.002573,-0.005914,0.006621,-0.000175,0.004092,-0.009588,0.014200,-0.013558,0.000189,0.004049,-0.010575,-0.041875,0.057080,-0.004720,-0.003827,-0.019978,-0.012961,0.007996,0.002692,0.022822,-0.003961,-0.002529,0.004293,0.014802,-0.007522,-0.027602,-0.009323,0.071535,0.005713,0.030962,0.009230,0.024485,-0.005731,-0.025473,0.001929,-0.057362,0.000090,0.005191,0.001800,0.021702,0.073976,-0.005502,0.028905,-0.018255,0.022145,-0.014612,0.012499,0.006058,-0.009770,0.013281,-0.000950,0.021976,0.019814,-0.036031,-0.029333,-0.023795,0.003717,0.015422,0.015861,0.006221,0.000604,0.006423,0.016225,0.026697,0.001349,0.003140,-0.024037,0.017356,0.033765,0.022041,-0.019535,0.014808,0.001014,0.046123,-0.001513,0.005267,0.013233,0.001128,0.010113,-0.044581,0.008367,-0.016980,-0.014998,-0.022182,-0.014116,-0.021387,-0.020501,-0.014854,0.016264,0.003637,0.000102,-0.032512,-0.012308,0.004464,0.005191,-0.003247,-0.016039,0.020145,0.037153,0.002595,-0.056218,0.033933,-0.002445,-0.005329,-0.020486,-0.016059,-0.009691,-0.017475,0.002926,0.043363,0.008785,0.001725,-0.014267,-0.003291,-0.006747,-0.009027,0.0... [truncated]"
time=2026-09-15T00:27:33.518+08:00 level=WARN msg="[SLOW SQL] 1157.968ms > 200ms | rows=20 | \n\t\tSELECT t.id AS tag_id, e.embedding <=> '[-0.000560,-0.025364,-0.042598,-0.009092,-0.003371,0.067499,0.048545,0.056437,0.053650,0.031372,-0.017023,-0.028723,0.014308,-0.011546,0.095925,-0.023761,-0.016431,-0.043161,0.098690,0.000781,-0.021642,0.038085,0.039181,0.037288,-0.073176,-0.015220,-0.025759,0.058805,-0.009284,0.088004,0.020288,-0.032387,0.029512,0.020358,0.003660,-0.035450,0.033258,0.000307,-0.060158,0.052943,0.038299,-0.020753,0.035207,0.018228,-0.005431,0.016650,0.013741,-0.009415,-0.014132,-0.023131,0.006534,-0.002863,0.008724,-0.008474,-0.038861,0.035100,0.148447,-0.001216,-0.010490,-0.025355,-0.011526,-0.018594,-0.031885,-0.001523,-0.002336,-0.022205,-0.000768,-0.006770,0.022381,-0.007169,0.028272,-0.046255,-0.028718,0.043296,-0.007511,-0.028857,-0.006641,0.029243,-0.008625,-0.008296,-0.046887,0.015828,0.038442,-0.043310,0.030647,-0.025992,-0.000222,-0.005728,-0.034475,0.010059,0.002558,0.000526,0.016333,0.000693,0.004128,0.004293,-0.000190,-0.005077,-0.010070,-0.005052,-0.001865,-0.037513,0.023898,-0.023222,0.040877,-0.028898,-0.001610,0.011795,-0.015426,0.010363,0.007208,0.013980,-0.007862,0.020039,-0.017776,-0.005308,0.015570,0.028284,-0.023351,0.057742,0.015267,0.023569,-0.010731,0.014763,0.010918,-0.039825,-0.012195,-0.006113,0.006483,0.021320,0.056286,-0.011518,0.016093,-0.020151,-0.013914,-0.002411,0.019207,0.001039,0.008129,0.020426,-0.006860,0.027161,0.001365,-0.004689,-0.017359,-0.028417,0.022624,0.033707,0.015483,-0.009961,0.016402,-0.004816,0.027443,0.026659,-0.003420,0.027275,-0.038798,0.010448,-0.001282,0.018578,-0.012160,0.020817,-0.011577,0.038412,0.005987,-0.011234,0.016620,0.003262,-0.004230,0.001094,-0.002819,-0.034914,0.025011,-0.010761,-0.025258,-0.015535,-0.032148,-0.028320,0.005644,-0.001477,-0.007450,-0.022472,0.032469,0.018850,0.011461,0.008267,0.004719,0.016861,0.016487,-0.013399,-0.077860,0.027873,-0.006344,0.009324,-0.009714,-0.022623,-0.006833,-0.014715,0.019127,0.023065,-0.001051,0.009012,0.024673,-0.003973,-0.001774,0.01... [truncated]"
time=2026-09-15T00:27:33.520+08:00 level=INFO msg="TagMatch: label=\"挪威奥斯陆学校禁用智能眼镜\" category=event similarity search returned totalCandidates=20 bestSimilarity=0.7123"
time=2026-09-15T00:27:33.520+08:00 level=INFO msg="TagMatch: label=\"Lumus 与水晶光电签署几何波导制造协议\" category=event similarity search returned totalCandidates=20 bestSimilarity=0.7428"
time=2026-09-15T00:27:33.520+08:00 level=INFO msg="TagMatch: label=\"挪威奥斯陆学校禁用智能眼镜\" category=event result=no_match reason=below_low_similarity bestSimilarity=0.7123"
time=2026-09-15T00:27:33.520+08:00 level=INFO msg="TagMatch: label=\"Lumus 与水晶光电签署几何波导制造协议\" category=event result=no_match reason=below_low_similarity bestSimilarity=0.7428"
time=2026-09-15T00:27:33.520+08:00 level=INFO msg="findOrCreateTag: label=\"挪威奥斯陆学校禁用智能眼镜\" category=event matchType=no_match"
time=2026-09-15T00:27:33.520+08:00 level=INFO msg="findOrCreateTag: label=\"Lumus 与水晶光电签署几何波导制造协议\" category=event matchType=no_match"
time=2026-09-15T00:27:33.521+08:00 level=INFO msg="findOrCreateTag: label=\"挪威奥斯陆学校禁用智能眼镜\" category=event fallback=create_new"
time=2026-09-15T00:27:33.521+08:00 level=INFO msg="findOrCreateTag: label=\"Lumus 与水晶光电签署几何波导制造协议\" category=event fallback=create_new"
time=2026-09-15T00:27:33.724+08:00 level=WARN msg="[SLOW SQL] 434.414ms > 200ms | rows=6561 | SELECT id, label, slug, label_type, aliases, ref_count, description, status, protected, source, display_order, created_at, updated_at FROM \"semantic_labels\" WHERE label_type = 'auxiliary' AND status = 'active'"
time=2026-09-15T00:27:35.357+08:00 level=INFO msg="Generated description + 5 keywords for event tag 158431 (挪威奥斯陆学校禁用智能眼镜): [挪威奥斯陆 智能眼镜 Meta 禁用 学校]"
time=2026-09-15T00:27:35.379+08:00 level=INFO msg="Generated description + 5 keywords for event tag 158432 (Lumus 与水晶光电签署几何波导制造协议): [Lumus 水晶光电 几何波导 制造协议 全球产能扩容]"
time=2026-09-15T00:27:37.746+08:00 level=WARN msg="[SLOW SQL] 3449.995ms > 200ms | rows=5823 | SELECT id, merge_embedding FROM \"semantic_labels\" WHERE label_type = 'auxiliary' AND status = 'active' AND merge_embedding IS NOT NULL"
time=2026-09-15T00:27:38.296+08:00 level=WARN msg="auxiliary label dedup gate slow: label=\"Distance Technologies\" took=4.5728337s (>50ms), review L1/L2 (embedder/merge) performance"
time=2026-09-15T00:27:38.297+08:00 level=WARN msg="auxiliary label dedup gate slow: label=\"水晶光电\" took=4.5653771s (>50ms), review L1/L2 (embedder/merge) performance"
time=2026-09-15T00:27:38.297+08:00 level=WARN msg="auxiliary label dedup gate slow: label=\"智能眼镜\" took=4.572234s (>50ms), review L1/L2 (embedder/merge) performance"
time=2026-09-15T00:27:38.592+08:00 level=INFO msg="findOrCreateTag: start label=\"FORVIA HELLA\" slug=\"forvia hella\" category=keyword source=llm"
time=2026-09-15T00:27:38.592+08:00 level=INFO msg="TagMatch: start label=\"FORVIA HELLA\" slug=\"forvia hella\" category=keyword threshold=0.92"
time=2026-09-15T00:27:39.886+08:00 level=WARN msg="[SLOW SQL] 1091.593ms > 200ms | rows=20 | \n\t\tSELECT t.id AS tag_id, e.embedding <=> '[-0.000271,0.027052,-0.034825,-0.002255,-0.002135,0.052155,0.044100,0.000236,0.053765,0.026779,-0.050856,-0.023081,0.018626,-0.072798,0.082449,-0.011800,-0.005354,-0.038545,-0.014744,-0.000155,-0.017497,0.036505,0.041168,0.034233,-0.093488,-0.029698,-0.030865,0.123113,0.010782,0.057086,0.032700,-0.036081,0.113458,0.009673,0.005982,-0.026204,-0.010510,0.000532,-0.055675,0.055246,0.002782,-0.031782,0.023161,0.005195,0.057431,0.035983,0.015908,0.002417,-0.001678,-0.023773,0.006493,-0.007509,0.034980,-0.017109,-0.007943,-0.006817,0.094329,-0.003701,-0.006520,-0.007505,-0.007232,0.015155,-0.032809,-0.014719,0.000629,-0.023766,0.025761,0.016936,0.029747,-0.017817,0.021726,-0.058732,-0.032865,0.022310,0.000507,-0.033900,-0.012226,0.056106,-0.023967,-0.026062,-0.007031,-0.002413,0.033271,-0.001374,0.028638,0.028032,0.026897,-0.009572,-0.014134,0.003752,0.006578,-0.033399,-0.024800,0.008823,0.006464,-0.002887,-0.025930,-0.017761,-0.005523,-0.006186,-0.010876,-0.013882,-0.003226,-0.018473,-0.000459,-0.017026,-0.018887,0.014456,0.009210,-0.005328,-0.016773,0.017385,-0.032570,0.035664,-0.023676,-0.042368,0.037088,0.008388,0.009276,0.049251,-0.005291,0.034986,-0.026220,-0.005245,0.017370,-0.007897,-0.004313,-0.011243,-0.026265,0.032354,0.052184,-0.026497,0.002701,-0.024861,0.002876,-0.035833,-0.016954,-0.015313,0.042369,0.018088,0.000911,0.030278,0.017100,0.006121,-0.005128,-0.009105,-0.000565,0.015836,-0.000323,0.012693,0.014413,-0.001765,0.022142,0.028251,-0.021196,0.012889,-0.020277,0.009845,0.018868,0.018272,-0.023041,0.018941,0.024071,0.005093,0.020835,0.005907,0.039006,0.001797,0.015662,-0.010679,0.005991,-0.028593,0.003632,-0.008084,-0.017631,0.001702,0.005041,-0.011079,-0.006609,0.044402,0.010815,0.004694,0.050867,-0.001952,0.005986,0.006554,-0.035074,0.014904,0.004093,-0.021776,-0.059458,-0.011961,0.001384,-0.021941,0.000272,-0.003621,0.001745,-0.006877,0.018860,0.032797,0.026013,0.020322,0.032245,-0.020747,-0.005051,-0.004679,... [truncated]"
time=2026-09-15T00:27:39.888+08:00 level=INFO msg="TagMatch: label=\"FORVIA HELLA\" category=keyword similarity search returned totalCandidates=20 bestSimilarity=0.7135"
time=2026-09-15T00:27:39.888+08:00 level=INFO msg="TagMatch: label=\"FORVIA HELLA\" category=keyword result=no_match reason=below_low_similarity bestSimilarity=0.7135"
time=2026-09-15T00:27:39.888+08:00 level=INFO msg="findOrCreateTag: label=\"FORVIA HELLA\" category=keyword matchType=no_match"
time=2026-09-15T00:27:39.889+08:00 level=INFO msg="findOrCreateTag: label=\"FORVIA HELLA\" category=keyword fallback=create_new"
time=2026-09-15T00:27:42.052+08:00 level=WARN msg="[SLOW SQL] 3126.581ms > 200ms | rows=5825 | SELECT id, merge_embedding FROM \"semantic_labels\" WHERE label_type = 'auxiliary' AND status = 'active' AND merge_embedding IS NOT NULL"
time=2026-09-15T00:27:42.523+08:00 level=WARN msg="auxiliary label dedup gate slow: label=\"几何波导\" took=3.8636629s (>50ms), review L1/L2 (embedder/merge) performance"
time=2026-09-15T00:27:42.523+08:00 level=WARN msg="auxiliary label dedup gate slow: label=\"数据采集\" took=3.8590852s (>50ms), review L1/L2 (embedder/merge) performance"
time=2026-09-15T00:27:42.653+08:00 level=WARN msg="auxiliary label dedup gate slow: label=\"FORVIA HELLA\" took=142.1746ms (>50ms), review L1/L2 (embedder/merge) performance"
time=2026-09-15T00:27:43.214+08:00 level=INFO msg="findOrCreateTag: start label=\"几何波导\" slug=\"几何波导\" category=keyword source=llm"
time=2026-09-15T00:27:43.215+08:00 level=INFO msg="TagMatch: start label=\"几何波导\" slug=\"几何波导\" category=keyword threshold=0.92"
time=2026-09-15T00:27:43.426+08:00 level=INFO msg="findOrCreateTag: start label=\"FORVIA HELLA 投资 Distance Technologies 开发 AR 平视显示器\" slug=\"forvia hella 投资 distance technologies 开发 ar 平视显示器\" category=event source=llm"
time=2026-09-15T00:27:43.426+08:00 level=INFO msg="TagMatch: start label=\"FORVIA HELLA 投资 Distance Technologies 开发 AR 平视显示器\" slug=\"forvia hella 投资 distance technologies 开发 ar 平视显示器\" category=event threshold=0.92"
time=2026-09-15T00:27:44.162+08:00 level=WARN msg="[SLOW SQL] 355.669ms > 200ms | rows=471 | SELECT board_composition.board_id, board_composition.auxiliary_label_id, auxiliary.label, auxiliary.embedding FROM \"board_composition\" JOIN semantic_labels AS board ON board.id = board_composition.board_id AND board.label_type = 'board' AND board.status = 'active' JOIN semantic_labels AS auxiliary ON auxiliary.id = board_composition.auxiliary_label_id AND auxiliary.label_type = 'auxiliary' AND auxiliary.status = 'active'"
time=2026-09-15T00:27:44.774+08:00 level=WARN msg="[SLOW SQL] 780.768ms > 200ms | rows=20 | \n\t\tSELECT t.id AS tag_id, e.embedding <=> '[-0.000397,-0.007784,-0.050284,-0.014737,-0.002649,0.064555,0.036049,0.015383,0.051983,0.008611,-0.024291,-0.023234,0.016406,-0.068200,0.090958,-0.020425,-0.023376,-0.020662,0.018699,0.005418,-0.014477,0.047700,0.033363,0.019360,-0.060023,-0.025059,-0.030238,0.064496,-0.001433,0.060076,0.021778,-0.013586,0.109519,0.036555,0.004660,-0.017201,0.013181,0.001289,-0.023423,0.099714,0.019893,-0.028431,0.005130,0.009943,0.028232,0.010395,0.017507,-0.017978,0.002095,-0.039700,0.009143,0.000171,0.014508,-0.015611,-0.028796,0.028522,0.102931,-0.005351,-0.004993,-0.032877,-0.009908,-0.004375,-0.020225,-0.001266,-0.001472,-0.020986,0.003846,0.009488,0.024522,-0.020837,0.021619,-0.079843,-0.023867,0.034544,0.001823,-0.034393,-0.011166,0.043205,-0.035678,-0.036430,-0.033476,-0.005390,0.031723,-0.016235,0.019945,0.024198,0.025596,-0.002371,-0.028496,0.026578,0.002246,-0.030723,0.001300,-0.011822,0.010305,-0.003345,-0.016880,-0.009218,-0.027721,-0.005379,-0.011333,-0.020554,0.000839,-0.015392,-0.010118,-0.012218,-0.017281,0.001803,0.007198,0.012730,-0.006606,-0.003375,-0.013272,0.028899,-0.021402,-0.029086,0.017989,-0.001607,0.009535,0.050587,0.000137,0.027420,-0.026173,0.003709,0.009422,-0.036689,-0.004242,-0.002508,-0.029564,0.035921,0.072272,-0.029544,0.009455,-0.023276,0.010018,-0.038964,0.001451,-0.034657,0.010783,0.010877,0.000650,0.040839,0.016345,-0.008266,0.002325,-0.045011,0.002179,0.020364,0.011719,0.012851,0.012214,-0.026524,0.019163,0.024005,-0.026405,0.003290,-0.030105,0.002297,0.005528,0.019601,-0.007986,0.018189,0.034190,0.019888,0.016609,-0.001878,0.040281,0.000337,-0.007463,-0.007244,0.000743,-0.019047,0.014217,-0.010760,-0.023620,-0.004301,-0.007264,-0.025189,0.005955,0.003148,-0.014109,-0.015296,0.076010,0.000930,0.009842,0.019131,-0.024334,0.008184,0.028765,-0.011120,-0.052824,0.008879,-0.003683,-0.014240,-0.003707,0.008139,-0.003594,-0.007459,0.016640,0.027040,0.016867,0.032408,0.018135,0.004337,0.011183,-0.013190,-0.... [truncated]"
time=2026-09-15T00:27:44.775+08:00 level=INFO msg="TagMatch: label=\"FORVIA HELLA 投资 Distance Technologies 开发 AR 平视显示器\" category=event similarity search returned totalCandidates=20 bestSimilarity=0.7539"
time=2026-09-15T00:27:44.775+08:00 level=INFO msg="TagMatch: label=\"FORVIA HELLA 投资 Distance Technologies 开发 AR 平视显示器\" category=event result=no_match reason=below_low_similarity bestSimilarity=0.7539"
time=2026-09-15T00:27:44.775+08:00 level=INFO msg="findOrCreateTag: label=\"FORVIA HELLA 投资 Distance Technologies 开发 AR 平视显示器\" category=event matchType=no_match"
time=2026-09-15T00:27:44.776+08:00 level=INFO msg="findOrCreateTag: label=\"FORVIA HELLA 投资 Distance Technologies 开发 AR 平视显示器\" category=event fallback=create_new"
time=2026-09-15T00:27:44.790+08:00 level=WARN msg="[SLOW SQL] 1187.094ms > 200ms | rows=20 | \n\t\tSELECT t.id AS tag_id, e.embedding <=> '[-0.000195,-0.018496,-0.039457,-0.036848,-0.002449,0.037996,0.050037,-0.003194,0.057312,-0.001972,0.015437,0.010255,0.013061,-0.037109,0.087526,-0.027279,-0.000357,-0.048539,0.067772,-0.002821,-0.020596,0.036615,-0.018180,0.053702,-0.089738,-0.024326,-0.028107,0.020610,-0.005540,0.013226,0.038869,-0.030892,0.016341,0.010982,0.007900,-0.028121,0.020595,-0.004998,-0.040049,0.023167,0.025481,-0.031659,0.029271,0.015798,-0.019438,0.024984,0.011719,-0.005905,-0.016030,-0.009527,0.003184,-0.000151,0.012428,-0.011166,0.000591,-0.016695,0.122332,-0.006862,-0.025087,0.024490,0.001208,-0.011283,-0.049782,-0.023587,0.001042,-0.006795,0.006174,0.012566,0.029468,0.004399,0.011325,-0.015268,-0.024385,0.019374,0.007436,-0.026420,-0.008336,0.013552,-0.001966,-0.005246,-0.022880,-0.002653,0.031669,0.006135,0.015272,-0.014280,0.007680,-0.016533,-0.060840,0.006521,-0.000385,-0.027775,0.010625,0.025646,-0.000872,-0.006555,0.004589,-0.004148,0.008699,0.003682,-0.001503,-0.027957,0.019602,-0.015282,0.042390,-0.029363,-0.009740,0.008817,-0.015758,0.000119,-0.012668,0.018482,-0.047151,0.031100,-0.016446,-0.020553,-0.003701,0.058870,-0.017076,0.124135,0.009389,0.011429,-0.007147,0.021893,0.003930,-0.045643,-0.021201,-0.001211,0.023725,0.008199,0.035962,-0.022879,-0.020255,-0.008016,0.045858,0.007271,-0.014761,-0.001948,0.035216,0.016334,-0.006079,0.021691,0.007598,-0.025430,-0.006558,-0.064736,-0.005012,0.018132,0.014945,-0.015831,0.015184,0.023087,0.049744,0.022052,-0.005663,0.021649,-0.031556,0.008239,0.011707,0.002043,0.000921,0.024787,-0.007526,0.041084,0.001193,-0.002144,0.019877,0.021687,0.013523,0.025685,0.022040,-0.029489,0.018705,-0.018390,-0.027407,-0.009365,-0.014665,-0.002701,-0.008578,0.023310,0.014407,-0.009050,0.056163,-0.000947,-0.005959,0.012578,0.001713,0.005079,0.007441,-0.014335,-0.050550,0.007576,-0.007801,0.005052,-0.010990,-0.009030,-0.012992,-0.028205,0.015168,0.034007,0.007199,0.040797,0.031638,-0.026610,-0.006045,0.003470,... [truncated]"
time=2026-09-15T00:27:44.792+08:00 level=INFO msg="TagMatch: label=\"几何波导\" category=keyword similarity search returned totalCandidates=20 bestSimilarity=0.7112"
time=2026-09-15T00:27:44.792+08:00 level=INFO msg="TagMatch: label=\"几何波导\" category=keyword result=no_match reason=below_low_similarity bestSimilarity=0.7112"
time=2026-09-15T00:27:44.792+08:00 level=INFO msg="findOrCreateTag: label=\"几何波导\" category=keyword matchType=no_match"
time=2026-09-15T00:27:44.793+08:00 level=INFO msg="findOrCreateTag: label=\"几何波导\" category=keyword fallback=create_new"
time=2026-09-15T00:27:45.995+08:00 level=INFO msg="Generated description + 5 keywords for event tag 158434 (FORVIA HELLA 投资 Distance Technologies 开发 AR 平视显示器): [FORVIA HELLA Distance Technologies 投资 AR 平视显示器 战略合作]"
time=2026-09-15T00:27:47.013+08:00 level=WARN msg="[SLOW SQL] 3418.354ms > 200ms | rows=5829 | SELECT id, merge_embedding FROM \"semantic_labels\" WHERE label_type = 'auxiliary' AND status = 'active' AND merge_embedding IS NOT NULL"
time=2026-09-15T00:27:47.486+08:00 level=WARN msg="auxiliary label dedup gate slow: label=\"哈拉尔五世\" took=4.3294587s (>50ms), review L1/L2 (embedder/merge) performance"
time=2026-09-15T00:27:47.551+08:00 level=INFO msg="findOrCreateTag: start label=\"水晶光电\" slug=\"水晶光电\" category=keyword source=llm"
time=2026-09-15T00:27:47.551+08:00 level=INFO msg="TagMatch: start label=\"水晶光电\" slug=\"水晶光电\" category=keyword threshold=0.92"
time=2026-09-15T00:27:47.784+08:00 level=INFO msg="findOrCreateTag: start label=\"智能眼镜\" slug=\"智能眼镜\" category=keyword source=llm"
time=2026-09-15T00:27:47.785+08:00 level=INFO msg="TagMatch: start label=\"智能眼镜\" slug=\"智能眼镜\" category=keyword threshold=0.92"
time=2026-09-15T00:27:49.316+08:00 level=WARN msg="[SLOW SQL] 1332.171ms > 200ms | rows=20 | \n\t\tSELECT t.id AS tag_id, e.embedding <=> '[0.000009,0.017335,-0.057808,-0.019663,-0.001669,0.034323,0.077707,-0.030806,0.048518,-0.002365,-0.000985,0.015328,0.008691,-0.042718,-0.007231,-0.028150,-0.059195,-0.080411,-0.003026,-0.004990,-0.019314,0.018547,-0.019801,0.026309,-0.050879,-0.045074,-0.027387,0.020601,-0.015227,0.045352,0.000951,-0.057058,0.028954,0.019392,0.005135,-0.027203,0.016247,-0.001462,-0.034046,0.026780,0.026578,-0.005923,0.019291,0.024796,-0.011246,0.014384,0.009032,0.018863,-0.004152,-0.021734,0.004658,0.002245,-0.029189,-0.010885,-0.009689,0.051915,0.067344,-0.012948,-0.010434,0.032719,-0.003654,0.001305,-0.043971,-0.020971,-0.006672,-0.011997,-0.000282,0.001338,0.020877,-0.000473,-0.001670,-0.018017,-0.011473,0.011233,-0.007584,-0.032690,-0.005440,0.012486,0.001201,0.011797,-0.050692,0.000909,0.022978,0.028730,0.016380,0.003903,0.027442,-0.007652,-0.022451,-0.015586,-0.003295,0.006737,0.018373,0.004368,0.006801,-0.011650,-0.007016,-0.009868,-0.016184,0.002719,-0.017825,-0.036723,0.047074,-0.031061,0.007965,-0.020729,0.000332,-0.010334,-0.022221,-0.011701,0.000692,0.004182,-0.009300,0.027643,-0.009021,-0.016395,0.025239,0.022526,-0.008086,0.068964,0.006352,0.014428,-0.013120,0.029990,-0.005581,-0.037668,-0.020910,-0.009772,0.043526,0.012043,0.050987,-0.004701,0.026934,-0.023076,0.015787,0.015233,0.004374,0.020862,-0.003352,0.012733,-0.001355,0.023957,0.008414,-0.001086,0.003327,-0.046222,-0.000858,0.030673,0.020719,-0.012700,0.012478,0.002840,0.032051,0.029268,-0.000887,0.015090,-0.044851,0.038833,0.006219,0.017025,-0.028129,0.016156,-0.064418,0.036055,-0.002658,0.010158,0.014776,-0.001170,-0.019106,-0.017735,0.041511,-0.035730,-0.006856,-0.023095,-0.033869,-0.006770,-0.004268,-0.035079,0.008455,0.010995,-0.018852,0.012724,0.036212,-0.002488,-0.000584,0.008038,0.018156,0.011886,0.010547,-0.032183,-0.009203,0.037292,-0.003491,0.004050,-0.018210,-0.007367,0.003131,-0.016176,0.022996,0.045260,0.012931,0.034897,0.022586,-0.010429,0.011061,0.015602... [truncated]"
time=2026-09-15T00:27:49.316+08:00 level=WARN msg="[SLOW SQL] 1214.556ms > 200ms | rows=20 | \n\t\tSELECT t.id AS tag_id, e.embedding <=> '[0.000067,0.003331,-0.042788,-0.017173,-0.000957,0.062019,0.065412,-0.067744,0.056830,-0.002853,0.027035,0.011419,0.012850,-0.060743,0.019265,-0.033704,-0.018983,-0.039670,0.012979,-0.002335,-0.016433,0.013732,0.020745,0.036693,-0.022155,-0.016274,-0.028934,0.015258,-0.002359,0.013900,0.037964,-0.049693,0.058695,0.013652,0.006510,-0.016580,0.024353,-0.003295,-0.026546,0.032169,0.016725,-0.021813,0.015580,0.015122,-0.003586,-0.000874,0.011144,0.019748,0.000337,-0.016516,-0.001464,0.006250,-0.009268,-0.017612,0.006772,0.054959,0.068620,-0.014979,-0.022279,0.021131,-0.003737,0.013293,-0.053184,-0.020504,-0.003887,-0.019211,-0.014088,-0.018242,0.013714,0.006339,-0.004153,-0.011916,0.009119,0.014466,0.012139,-0.033025,-0.008091,0.017982,0.002804,0.024042,-0.024611,-0.001826,0.012646,0.030284,0.033984,0.007958,0.021506,-0.014053,-0.020770,-0.001383,-0.006108,-0.023650,0.011319,-0.024565,-0.000368,-0.005842,0.010247,-0.011342,0.010327,-0.001000,-0.012479,-0.026443,0.044991,-0.013961,0.024306,-0.012391,-0.010952,0.004250,-0.009755,0.000708,-0.012679,-0.000806,-0.001430,0.020196,-0.016874,-0.019855,0.008300,0.036651,0.009850,0.051568,0.001810,0.004663,-0.016268,0.003256,0.012377,-0.037454,-0.028727,0.011872,-0.021595,0.025536,0.052163,0.003919,0.009675,-0.038655,0.013499,0.013076,0.010276,0.020676,-0.000935,0.027584,-0.005870,0.026733,0.010359,-0.012565,-0.027891,-0.047364,-0.008223,0.023522,0.022602,0.009379,0.011938,0.015636,0.017193,0.027978,-0.000449,-0.000761,-0.035912,0.018861,0.019910,0.023116,-0.020695,0.012930,-0.034297,0.026190,0.006648,0.023561,0.005671,0.003962,0.008359,0.001598,0.019144,-0.013450,-0.000577,-0.017016,-0.021557,0.001376,-0.025866,-0.018802,0.009179,0.018439,0.002238,-0.017355,0.004412,0.002607,0.017403,0.005103,-0.012907,0.015787,0.009516,-0.014336,-0.023800,0.022175,0.005906,0.008149,-0.022039,0.000712,-0.023792,-0.024087,0.033223,0.037882,0.010588,0.027865,0.009336,-0.015246,0.010788,0.014910,0.003764,-... [truncated]"
time=2026-09-15T00:27:49.317+08:00 level=INFO msg="TagMatch: label=\"水晶光电\" category=keyword similarity search returned totalCandidates=20 bestSimilarity=0.7372"
time=2026-09-15T00:27:49.317+08:00 level=INFO msg="TagMatch: label=\"水晶光电\" category=keyword result=no_match reason=below_low_similarity bestSimilarity=0.7372"
time=2026-09-15T00:27:49.317+08:00 level=INFO msg="findOrCreateTag: label=\"水晶光电\" category=keyword matchType=no_match"
time=2026-09-15T00:27:49.318+08:00 level=INFO msg="TagMatch: label=\"智能眼镜\" category=keyword similarity search returned totalCandidates=20 bestSimilarity=0.7937"
time=2026-09-15T00:27:49.318+08:00 level=INFO msg="TagMatch: label=\"智能眼镜\" category=keyword result=no_match reason=below_low_similarity bestSimilarity=0.7937"
time=2026-09-15T00:27:49.318+08:00 level=INFO msg="findOrCreateTag: label=\"智能眼镜\" category=keyword matchType=no_match"
time=2026-09-15T00:27:49.318+08:00 level=INFO msg="findOrCreateTag: label=\"水晶光电\" category=keyword fallback=create_new"
time=2026-09-15T00:27:49.318+08:00 level=INFO msg="findOrCreateTag: label=\"智能眼镜\" category=keyword fallback=create_new"
time=2026-09-15T00:27:51.277+08:00 level=WARN msg="[SLOW SQL] 3302.903ms > 200ms | rows=5830 | SELECT id, merge_embedding FROM \"semantic_labels\" WHERE label_type = 'auxiliary' AND status = 'active' AND merge_embedding IS NOT NULL"
time=2026-09-15T00:27:51.784+08:00 level=WARN msg="auxiliary label dedup gate slow: label=\"HELLA Ventures\" took=4.2464012s (>50ms), review L1/L2 (embedder/merge) performance"
time=2026-09-15T00:27:51.874+08:00 level=INFO msg="Successfully tagged article 128295"
time=2026-09-15T00:27:51.874+08:00 level=INFO msg="Successfully tagged article 128293"
time=2026-09-15T00:27:52.250+08:00 level=INFO msg="Successfully tagged article 128294"
time=2026-09-15T00:27:55.894+08:00 level=INFO msg="findOrCreateTag: start label=\"FE 8-14mm F3.5 Fisheye G\" slug=\"fe 8-14mm f3-5 fisheye g\" category=keyword source=llm"
time=2026-09-15T00:27:55.894+08:00 level=INFO msg="TagMatch: start label=\"FE 8-14mm F3.5 Fisheye G\" slug=\"fe 8-14mm f3-5 fisheye g\" category=keyword threshold=0.92"
time=2026-09-15T00:27:57.268+08:00 level=WARN msg="[SLOW SQL] 886.462ms > 200ms | rows=20 | \n\t\tSELECT t.id AS tag_id, e.embedding <=> '[-0.000251,0.009731,0.014289,0.004930,-0.002023,0.041010,0.040808,0.022767,0.051663,0.013890,-0.027739,-0.001746,0.014252,-0.005222,0.128238,-0.016603,0.006393,-0.032877,0.058602,-0.003378,-0.026202,0.026947,-0.001895,-0.015035,-0.088887,-0.008122,-0.028963,0.121396,-0.001983,0.058028,0.016214,-0.004123,0.077038,0.016559,0.009867,-0.051478,-0.002563,0.001629,-0.038404,0.055520,0.007998,-0.062810,0.031174,0.002442,0.057611,0.025564,0.011223,-0.018383,-0.002538,-0.030245,0.005458,-0.003169,0.001336,-0.019419,-0.035238,0.000289,0.130279,0.003669,-0.013681,-0.021202,-0.006627,0.005909,-0.025493,-0.021828,-0.002135,-0.019128,0.014884,-0.057709,0.027092,-0.006811,0.008576,-0.039926,-0.005932,0.006203,0.012900,-0.029417,-0.015295,0.047755,-0.043102,0.008430,-0.031959,-0.024235,0.028917,-0.013535,0.042621,0.002299,0.005952,-0.010777,0.018633,0.010932,-0.009422,-0.014501,-0.024435,-0.023836,-0.006973,-0.002705,-0.020851,-0.008493,-0.005047,-0.001909,0.001949,-0.024563,0.004687,-0.010806,0.038727,-0.017366,-0.017397,0.004540,-0.005932,-0.006870,0.007325,-0.001283,-0.015596,0.000668,-0.011950,-0.016897,0.031383,0.072997,0.006990,0.025307,0.000349,0.020925,0.000689,0.015183,0.005667,-0.006854,-0.002367,-0.035916,-0.039548,0.011956,0.047189,-0.012669,0.005015,-0.008005,0.012927,-0.005408,-0.004249,-0.000548,0.001210,0.002946,-0.004043,0.022822,0.004150,0.003715,-0.021639,0.001349,0.010729,0.022549,0.001904,0.028014,0.003777,-0.016776,-0.003311,-0.004445,-0.022242,0.018029,-0.018808,0.010510,0.004674,0.016730,-0.014672,0.016201,0.013688,0.022896,0.021166,-0.004788,0.026532,-0.000228,0.010304,0.000239,-0.012798,-0.038309,0.017283,-0.022193,-0.018194,-0.022010,0.004095,0.000229,0.001160,0.005978,-0.000666,0.002075,0.033351,0.012036,0.009070,-0.013537,-0.019911,0.032359,0.017361,-0.013948,-0.074356,0.006419,-0.008595,-0.020147,-0.007732,0.001605,-0.013219,-0.031343,0.001914,0.026180,0.000339,0.004644,0.010866,0.013213,0.019844,0.010045,-0.0... [truncated]"
time=2026-09-15T00:27:57.269+08:00 level=INFO msg="TagMatch: label=\"FE 8-14mm F3.5 Fisheye G\" category=keyword similarity search returned totalCandidates=20 bestSimilarity=0.7571"
time=2026-09-15T00:27:57.269+08:00 level=INFO msg="TagMatch: label=\"FE 8-14mm F3.5 Fisheye G\" category=keyword result=no_match reason=below_low_similarity bestSimilarity=0.7571"
time=2026-09-15T00:27:57.269+08:00 level=INFO msg="findOrCreateTag: label=\"FE 8-14mm F3.5 Fisheye G\" category=keyword matchType=no_match"
time=2026-09-15T00:27:57.269+08:00 level=INFO msg="findOrCreateTag: label=\"FE 8-14mm F3.5 Fisheye G\" category=keyword fallback=create_new"
time=2026-09-15T00:27:58.209+08:00 level=INFO msg="findOrCreateTag: start label=\"Meta 智能眼镜\" slug=\"meta 智能眼镜\" category=keyword source=llm"
time=2026-09-15T00:27:58.209+08:00 level=INFO msg="TagMatch: start label=\"Meta 智能眼镜\" slug=\"meta 智能眼镜\" category=keyword threshold=0.92"
time=2026-09-15T00:27:58.587+08:00 level=INFO msg="TagMatch: label=\"Meta 智能眼镜\" category=keyword similarity search returned totalCandidates=20 bestSimilarity=0.8374"
time=2026-09-15T00:27:58.587+08:00 level=INFO msg="TagMatch: label=\"Meta 智能眼镜\" category=keyword result=no_match reason=below_low_similarity bestSimilarity=0.8374"
time=2026-09-15T00:27:58.587+08:00 level=INFO msg="findOrCreateTag: label=\"Meta 智能眼镜\" category=keyword matchType=no_match"
time=2026-09-15T00:27:58.588+08:00 level=INFO msg="findOrCreateTag: label=\"Meta 智能眼镜\" category=keyword fallback=create_new"
time=2026-09-15T00:28:01.230+08:00 level=WARN msg="[SLOW SQL] 3528.791ms > 200ms | rows=5831 | SELECT id, merge_embedding FROM \"semantic_labels\" WHERE label_type = 'auxiliary' AND status = 'active' AND merge_embedding IS NOT NULL"
time=2026-09-15T00:28:01.701+08:00 level=INFO msg="findOrCreateTag: start label=\"Pixiv\" slug=\"pixiv\" category=keyword source=llm"
time=2026-09-15T00:28:01.701+08:00 level=INFO msg="TagMatch: start label=\"Pixiv\" slug=\"pixiv\" category=keyword threshold=0.92"
time=2026-09-15T00:28:01.783+08:00 level=WARN msg="auxiliary label dedup gate slow: label=\"FE 8-14mm F3.5 Fisheye G\" took=4.4845718s (>50ms), review L1/L2 (embedder/merge) performance"
time=2026-09-15T00:28:01.787+08:00 level=INFO msg="findOrCreateTag: start label=\"Zuckoff\" slug=\"zuckoff\" category=keyword source=llm"
time=2026-09-15T00:28:01.787+08:00 level=INFO msg="TagMatch: start label=\"Zuckoff\" slug=\"zuckoff\" category=keyword threshold=0.92"
time=2026-09-15T00:28:02.110+08:00 level=INFO msg="findOrCreateTag: start label=\"VR拍摄\" slug=\"vr拍摄\" category=keyword source=llm"
time=2026-09-15T00:28:02.110+08:00 level=INFO msg="TagMatch: start label=\"VR拍摄\" slug=\"vr拍摄\" category=keyword threshold=0.92"
time=2026-09-15T00:28:02.872+08:00 level=WARN msg="[SLOW SQL] 645.469ms > 200ms | rows=20 | \n\t\tSELECT t.id AS tag_id, e.embedding <=> '[0.000016,0.010533,-0.085734,-0.022419,-0.001619,0.052898,0.035687,-0.050934,0.050475,0.043248,0.020221,0.004542,0.011457,-0.046728,0.049023,-0.011300,-0.051772,-0.034143,-0.001164,0.000967,-0.016189,0.017936,0.017793,0.016925,-0.015157,-0.031572,-0.025395,0.044630,-0.004486,0.007752,0.005800,-0.045272,0.041100,0.018255,0.005798,-0.014708,0.019417,-0.000639,-0.025683,0.017007,0.022826,-0.039394,0.019153,0.004897,-0.000154,0.022146,0.013934,-0.000891,-0.009724,-0.016598,0.002454,0.003704,-0.038211,-0.023076,0.003467,0.052386,0.060495,-0.011056,-0.017939,0.029703,-0.006439,0.010211,-0.035127,-0.017177,-0.005646,-0.000876,-0.047695,-0.028157,0.019483,-0.003179,0.019008,-0.025321,-0.004430,0.007806,0.002259,-0.023592,-0.011272,0.034523,0.017018,0.001915,-0.013556,-0.017358,0.009418,0.011054,0.024112,0.011133,0.006553,-0.004486,-0.016758,0.028976,-0.011338,-0.036924,-0.003077,-0.032207,0.003407,-0.005591,0.002997,-0.008135,-0.014757,0.003319,-0.010811,-0.036319,0.037485,-0.023010,0.007957,-0.025811,-0.001459,-0.014838,-0.003647,0.000866,0.000360,0.007257,-0.004194,0.030306,-0.014108,-0.021319,0.015743,0.051125,-0.013429,0.085012,-0.004259,0.008709,-0.009829,0.013787,0.009170,-0.040337,-0.004568,-0.010078,-0.006373,0.026276,0.031556,-0.025099,0.008426,-0.028207,0.015326,0.011986,0.004352,0.002251,0.009731,0.022361,-0.006604,0.017818,0.021429,-0.015427,-0.012299,-0.035831,-0.009252,0.024662,0.013945,0.011780,0.010984,-0.002842,0.029753,0.018650,-0.010193,0.014130,-0.042573,0.023748,0.011983,0.007716,-0.023065,0.016252,-0.021712,0.031498,0.010585,0.014287,0.005583,-0.006725,-0.000991,-0.003735,0.003336,-0.033752,-0.003464,-0.016092,-0.021934,-0.001973,-0.001494,-0.027014,-0.003526,0.019807,-0.009967,0.009742,0.017391,0.005110,0.002698,0.005080,-0.010506,0.019567,0.016522,-0.006845,-0.032049,0.017587,0.003625,0.011642,0.002195,-0.003187,-0.005522,-0.021069,0.017891,0.020713,0.013978,0.009031,0.014813,-0.011924,-0.000363,-0.005868,0.... [truncated]"
time=2026-09-15T00:28:02.881+08:00 level=WARN msg="[SLOW SQL] 800.748ms > 200ms | rows=20 | \n\t\tSELECT t.id AS tag_id, e.embedding <=> '[-0.000248,0.022877,-0.025207,-0.030327,-0.002109,0.053995,0.048815,0.038129,0.051246,0.044678,-0.022295,0.019229,0.012979,-0.003801,0.046362,-0.025246,0.020712,-0.016204,-0.024282,-0.002878,-0.020181,0.035689,0.055769,0.039301,-0.023565,-0.006198,-0.033160,0.065310,0.015453,0.057471,0.014916,-0.041594,0.047119,0.013633,0.009227,-0.030022,-0.005811,-0.002209,-0.035663,0.014289,0.013554,-0.036603,0.038805,0.012461,0.028781,0.013708,0.004055,-0.010784,0.000142,-0.028288,0.002421,0.005223,0.003743,-0.016665,0.001735,0.005043,0.123753,-0.011559,-0.000893,-0.011234,0.005698,0.014081,-0.017129,-0.023318,-0.000078,-0.021710,-0.011644,-0.028924,0.023619,-0.000638,0.010371,-0.035297,-0.001133,0.023330,-0.001766,-0.029586,-0.020493,0.030007,-0.017675,0.026349,0.002356,-0.003088,0.027293,0.040874,0.034897,0.019916,-0.002642,-0.013513,-0.004729,0.014925,0.003126,-0.002742,-0.000147,-0.009293,0.008794,-0.013648,-0.006506,-0.020457,0.007925,0.002409,-0.008303,-0.034621,0.039942,-0.014271,0.004419,-0.026157,-0.018132,-0.003198,-0.014466,-0.015698,0.000922,0.018543,-0.036345,0.023194,0.004158,-0.037962,0.024513,0.080234,0.002139,0.056881,-0.010935,0.012566,-0.032232,0.009403,-0.001584,-0.027825,-0.000662,-0.020741,-0.009822,0.022777,0.048439,0.001706,-0.012524,-0.024264,-0.004696,0.040368,0.005212,-0.000640,-0.003949,-0.009394,-0.009301,0.034280,-0.000912,0.022071,-0.022542,-0.007296,0.009484,0.010666,0.020565,-0.003812,0.011563,0.007104,0.032244,0.040746,-0.018991,0.046099,-0.036314,0.017731,0.032046,0.000914,-0.019796,0.011332,-0.028715,0.107420,-0.006631,0.006247,0.023044,0.006023,0.009041,0.012703,0.011150,-0.026506,0.003263,-0.024798,-0.041149,-0.008105,0.012734,-0.029728,-0.011872,0.054435,-0.002938,0.000194,0.027927,-0.004442,0.010351,0.004059,0.005311,0.016931,0.020134,-0.022460,-0.068147,0.028850,0.004466,-0.011945,-0.021934,-0.029318,-0.006797,-0.006651,-0.015035,0.050663,-0.019158,0.008578,-0.000244,-0.016444,-0.010204,-0.000502... [truncated]"
time=2026-09-15T00:28:02.881+08:00 level=WARN msg="[SLOW SQL] 1035.417ms > 200ms | rows=20 | \n\t\tSELECT t.id AS tag_id, e.embedding <=> '[0.000145,-0.004472,-0.023856,-0.002571,-0.000325,0.026944,0.072685,-0.016489,0.045764,0.038128,0.016242,0.000882,0.008196,-0.024669,0.018625,-0.040879,-0.022499,-0.052871,-0.016608,-0.007966,-0.019028,0.001168,0.021223,0.018583,-0.026518,-0.037617,-0.018424,0.108758,0.047248,0.020751,0.014343,-0.030190,0.031205,0.027900,0.002834,-0.020898,-0.001851,-0.003128,-0.016421,-0.003753,0.008552,-0.019623,0.027627,-0.003632,0.032731,0.008971,0.010009,0.014489,-0.008598,-0.011081,0.004645,0.003362,-0.018607,-0.017658,0.021260,0.020056,0.047701,-0.013513,-0.013354,0.002937,-0.005982,0.027724,-0.026707,-0.021140,-0.000926,-0.012914,-0.011528,-0.035021,0.022582,0.009865,0.001804,-0.015074,0.000453,0.003975,0.010738,-0.033321,-0.010737,0.020214,0.026663,0.007017,-0.009237,-0.012544,0.015976,0.038498,0.027710,0.014076,0.002700,0.006444,-0.038971,0.006845,-0.002018,0.000400,-0.007170,0.013415,-0.000740,-0.000760,-0.016941,-0.009786,0.012333,0.018949,-0.016572,-0.026359,0.045648,0.004586,0.038933,-0.024824,0.004835,-0.002691,-0.000908,-0.005232,-0.012985,-0.006163,-0.005610,0.028182,-0.005176,-0.029531,0.031457,0.062565,-0.011017,0.061692,0.000320,-0.001526,-0.010990,0.035413,0.022640,-0.054266,0.010437,-0.026347,-0.007241,-0.002285,0.033869,-0.005903,0.051278,-0.011317,0.009085,-0.027519,-0.024740,0.010566,-0.011882,0.012507,0.000372,0.019950,0.000216,-0.025379,-0.007921,-0.045387,-0.009688,0.014167,0.003964,0.012079,0.025075,-0.016213,0.013949,0.014933,0.013999,0.019618,-0.035752,-0.002029,0.015584,0.013758,-0.022166,0.027014,-0.026066,0.028710,-0.001390,-0.005052,0.003436,-0.006128,-0.009192,-0.015185,0.018428,-0.030277,0.001958,-0.011490,-0.005040,0.003151,0.009987,-0.000685,-0.017052,0.016418,-0.003328,0.027869,0.019637,-0.011806,-0.004309,-0.009534,0.011794,0.006343,0.005528,-0.005492,-0.012556,0.043563,-0.006641,-0.014815,-0.012638,-0.024203,-0.016786,-0.012837,-0.001644,0.037286,-0.001572,0.019894,-0.007879,-0.010301,0.007574,-0.00... [truncated]"
time=2026-09-15T00:28:02.882+08:00 level=INFO msg="TagMatch: label=\"VR拍摄\" category=keyword similarity search returned totalCandidates=20 bestSimilarity=0.7389"
time=2026-09-15T00:28:02.882+08:00 level=INFO msg="TagMatch: label=\"VR拍摄\" category=keyword result=no_match reason=below_low_similarity bestSimilarity=0.7389"
time=2026-09-15T00:28:02.882+08:00 level=INFO msg="findOrCreateTag: label=\"VR拍摄\" category=keyword matchType=no_match"
time=2026-09-15T00:28:02.882+08:00 level=INFO msg="TagMatch: label=\"Zuckoff\" category=keyword similarity search returned totalCandidates=20 bestSimilarity=0.7348"
time=2026-09-15T00:28:02.882+08:00 level=INFO msg="TagMatch: label=\"Zuckoff\" category=keyword result=no_match reason=below_low_similarity bestSimilarity=0.7348"
time=2026-09-15T00:28:02.882+08:00 level=INFO msg="findOrCreateTag: label=\"Zuckoff\" category=keyword matchType=no_match"
time=2026-09-15T00:28:02.882+08:00 level=INFO msg="findOrCreateTag: label=\"VR拍摄\" category=keyword fallback=create_new"
time=2026-09-15T00:28:02.882+08:00 level=INFO msg="TagMatch: label=\"Pixiv\" category=keyword similarity search returned totalCandidates=20 bestSimilarity=0.7127"
time=2026-09-15T00:28:02.882+08:00 level=INFO msg="findOrCreateTag: label=\"Zuckoff\" category=keyword fallback=create_new"
time=2026-09-15T00:28:02.882+08:00 level=INFO msg="TagMatch: label=\"Pixiv\" category=keyword result=no_match reason=below_low_similarity bestSimilarity=0.7127"
time=2026-09-15T00:28:02.882+08:00 level=INFO msg="findOrCreateTag: label=\"Pixiv\" category=keyword matchType=no_match"
time=2026-09-15T00:28:02.884+08:00 level=INFO msg="findOrCreateTag: label=\"Pixiv\" category=keyword fallback=create_new"
time=2026-09-15T00:28:06.618+08:00 level=WARN msg="[SLOW SQL] 3418.620ms > 200ms | rows=5832 | SELECT id, merge_embedding FROM \"semantic_labels\" WHERE label_type = 'auxiliary' AND status = 'active' AND merge_embedding IS NOT NULL"
time=2026-09-15T00:28:07.092+08:00 level=WARN msg="auxiliary label dedup gate slow: label=\"Zuckoff\" took=4.043746s (>50ms), review L1/L2 (embedder/merge) performance"
time=2026-09-15T00:28:07.095+08:00 level=WARN msg="auxiliary label dedup gate slow: label=\"VR拍摄\" took=4.0465739s (>50ms), review L1/L2 (embedder/merge) performance"
time=2026-09-15T00:28:07.095+08:00 level=WARN msg="auxiliary label dedup gate slow: label=\"Pixiv\" took=4.0465739s (>50ms), review L1/L2 (embedder/merge) performance"
time=2026-09-15T00:28:07.515+08:00 level=INFO msg="findOrCreateTag: start label=\"Zuckoff 应用可检测附近 Meta 智能眼镜并发出隐私警报\" slug=\"zuckoff 应用可检测附近 meta 智能眼镜并发出隐私警报\" category=event source=llm"
time=2026-09-15T00:28:07.515+08:00 level=INFO msg="TagMatch: start label=\"Zuckoff 应用可检测附近 Meta 智能眼镜并发出隐私警报\" slug=\"zuckoff 应用可检测附近 meta 智能眼镜并发出隐私警报\" category=event threshold=0.92"
time=2026-09-15T00:28:07.774+08:00 level=INFO msg="findOrCreateTag: start label=\"索尼\" slug=\"索尼\" category=keyword source=llm"
time=2026-09-15T00:28:07.774+08:00 level=INFO msg="TagMatch: start label=\"索尼\" slug=\"索尼\" category=keyword threshold=0.92"
time=2026-09-15T00:28:07.776+08:00 level=INFO msg="findOrCreateTag: start label=\"Pixiv 与 VRChat 实施资本业务合作\" slug=\"pixiv 与 vrchat 实施资本业务合作\" category=event source=llm"
time=2026-09-15T00:28:07.776+08:00 level=INFO msg="TagMatch: start label=\"Pixiv 与 VRChat 实施资本业务合作\" slug=\"pixiv 与 vrchat 实施资本业务合作\" category=event threshold=0.92"
time=2026-09-15T00:28:08.845+08:00 level=WARN msg="[SLOW SQL] 832.143ms > 200ms | rows=20 | \n\t\tSELECT t.id AS tag_id, e.embedding <=> '[-0.000348,-0.002899,-0.005657,-0.032596,-0.002542,0.069805,0.055551,0.025141,0.052498,-0.001948,0.019668,0.008234,0.013812,-0.033204,0.033490,-0.021359,-0.005018,0.001813,0.038974,0.007277,-0.018770,0.029478,0.086598,0.005852,-0.019530,0.002435,-0.029407,0.018369,0.006075,0.021632,-0.009237,-0.017125,0.059915,0.016417,0.005824,-0.033164,0.002919,-0.000942,-0.004056,0.074473,0.026035,-0.011425,0.030494,0.017748,0.011469,0.007529,0.012747,-0.020724,0.003820,-0.027452,0.000744,0.001749,0.013539,-0.020740,-0.016900,0.047472,0.129074,-0.011860,-0.009160,-0.024822,-0.006429,-0.011147,-0.025717,0.000294,0.001735,-0.018318,-0.021700,0.012565,0.020005,0.016788,0.024450,-0.050272,0.000571,0.038848,0.003006,-0.029030,-0.016279,0.015703,0.018337,-0.003660,-0.045894,0.008605,0.023916,0.014898,0.040841,-0.013162,0.012914,0.002645,-0.032595,0.019861,0.001794,0.017899,0.013715,-0.035439,0.007820,-0.007782,0.006490,-0.010881,0.021156,-0.002174,-0.018992,-0.027823,0.067569,-0.024212,0.021359,-0.029224,-0.010499,0.016148,-0.000944,0.000825,-0.013022,0.002789,-0.022308,0.022064,-0.004498,-0.028629,0.009316,0.058568,0.001212,0.059898,0.001365,0.016279,-0.016073,0.026159,-0.001395,-0.060747,-0.012115,0.005518,-0.022076,0.026503,0.059037,-0.008568,0.027963,-0.010375,-0.013171,0.001031,0.009022,-0.014507,-0.014331,0.023946,-0.001266,0.028348,0.007850,-0.026645,-0.007264,-0.042292,-0.013238,0.008196,0.025464,0.003963,0.006910,-0.002079,0.001646,0.011052,-0.012525,0.016327,-0.030121,0.005766,0.019309,-0.003212,-0.017908,0.014912,0.006794,0.073817,0.007779,0.015889,0.039922,0.007039,-0.004875,-0.022960,0.016419,-0.027220,0.022698,-0.016253,-0.027292,-0.018812,-0.017188,-0.043436,-0.011350,0.017810,-0.014488,-0.031567,0.019302,-0.002273,0.023096,-0.000627,-0.007197,0.009290,0.021564,-0.009186,-0.073386,0.052284,-0.000711,0.002570,-0.032052,-0.011669,-0.001802,-0.019150,0.004411,0.051196,-0.002578,0.016221,-0.005554,0.007641,0.001297,0.001795,0.001030... [truncated]"
time=2026-09-15T00:28:08.845+08:00 level=WARN msg="[SLOW SQL] 558.350ms > 200ms | rows=20 | \n\t\tSELECT t.id AS tag_id, e.embedding <=> '[-0.000366,-0.005217,-0.032782,-0.008652,-0.002636,0.055341,0.054461,-0.004074,0.045074,0.003561,0.036367,-0.036125,0.008528,-0.032350,0.076235,-0.021942,-0.042713,-0.051421,0.047944,-0.001598,-0.015262,0.020991,0.073402,0.038064,-0.039162,-0.029252,-0.026687,0.037022,0.025278,0.008406,-0.006640,-0.026612,0.041388,0.034239,0.000841,-0.027196,0.005642,0.004006,-0.043681,0.061921,0.028035,-0.005438,0.026370,0.003299,0.040779,0.002158,0.016630,-0.003773,-0.007070,-0.011686,0.008879,-0.002173,-0.002099,-0.013465,-0.030648,0.030503,0.107462,-0.010547,-0.016959,-0.002380,-0.009744,-0.003118,-0.007962,-0.011834,0.001901,-0.015674,-0.028942,-0.030458,0.022655,-0.001030,0.032629,-0.056662,-0.013936,0.012308,0.012905,-0.039172,-0.009795,0.028524,0.016703,-0.001161,-0.040197,-0.014824,0.023567,0.007277,0.031627,0.008918,0.000519,0.000200,-0.043873,0.022523,0.000630,-0.002151,0.002995,0.000037,0.005430,-0.014915,-0.009653,-0.014545,-0.008266,0.003998,-0.030382,-0.027899,0.030162,-0.026778,0.005102,-0.025131,-0.018565,-0.010343,0.002579,0.003029,-0.000453,-0.010150,0.003721,0.026861,-0.002288,-0.020259,0.017996,0.047391,-0.013533,0.028891,0.002941,0.017939,-0.014447,0.028207,0.017157,-0.064922,0.003504,-0.005912,-0.018314,0.004054,0.059093,-0.008671,0.066973,-0.005822,-0.003475,-0.029923,-0.002094,-0.011121,-0.008438,0.016727,-0.004563,0.039351,0.005861,-0.031780,0.000159,-0.037578,-0.009327,0.000606,0.004420,0.013763,0.024202,-0.030038,0.003655,0.021856,-0.007517,0.007926,-0.047054,0.002093,0.007118,0.006236,-0.012161,0.029106,0.010149,0.019708,0.012081,-0.002690,0.013743,-0.012598,-0.025433,-0.024423,0.007655,-0.041890,0.018134,-0.013245,-0.011388,0.000501,0.006389,-0.029268,-0.017335,-0.016995,0.000835,-0.001223,0.037823,-0.001048,0.000753,-0.004788,0.002043,0.012778,-0.004971,-0.008047,-0.058313,0.037402,-0.010655,-0.004681,-0.007981,-0.021080,-0.005604,-0.025807,0.011554,0.038697,0.004602,0.000525,-0.003720,0.011837,0.011856,-0.019... [truncated]"
time=2026-09-15T00:28:08.845+08:00 level=INFO msg="TagMatch: label=\"Pixiv 与 VRChat 实施资本业务合作\" category=event similarity search returned totalCandidates=20 bestSimilarity=0.7573"
time=2026-09-15T00:28:08.846+08:00 level=INFO msg="TagMatch: label=\"Pixiv 与 VRChat 实施资本业务合作\" category=event result=no_match reason=below_low_similarity bestSimilarity=0.7573"
time=2026-09-15T00:28:08.846+08:00 level=INFO msg="findOrCreateTag: label=\"Pixiv 与 VRChat 实施资本业务合作\" category=event matchType=no_match"
time=2026-09-15T00:28:08.846+08:00 level=INFO msg="TagMatch: label=\"Zuckoff 应用可检测附近 Meta 智能眼镜并发出隐私警报\" category=event similarity search returned totalCandidates=20 bestSimilarity=0.7815"
time=2026-09-15T00:28:08.846+08:00 level=INFO msg="TagMatch: label=\"Zuckoff 应用可检测附近 Meta 智能眼镜并发出隐私警报\" category=event result=no_match reason=below_low_similarity bestSimilarity=0.7815"
time=2026-09-15T00:28:08.847+08:00 level=INFO msg="findOrCreateTag: label=\"Zuckoff 应用可检测附近 Meta 智能眼镜并发出隐私警报\" category=event matchType=no_match"
time=2026-09-15T00:28:08.847+08:00 level=INFO msg="findOrCreateTag: label=\"Pixiv 与 VRChat 实施资本业务合作\" category=event fallback=create_new"
time=2026-09-15T00:28:08.847+08:00 level=INFO msg="findOrCreateTag: label=\"Zuckoff 应用可检测附近 Meta 智能眼镜并发出隐私警报\" category=event fallback=create_new"
time=2026-09-15T00:28:09.097+08:00 level=WARN msg="[SLOW SQL] 809.293ms > 200ms | rows=20 | \n\t\tSELECT t.id AS tag_id, e.embedding <=> '[0.000285,0.058364,-0.033747,-0.027183,-0.000387,0.037123,0.077077,-0.058399,0.061946,0.039484,0.028616,-0.032590,0.013379,-0.041868,0.024610,-0.028527,-0.000516,-0.037263,0.021115,-0.005125,-0.023152,0.014724,0.026684,0.030523,-0.055410,-0.004796,-0.031892,0.074741,-0.008111,0.036097,0.021890,-0.051695,0.021503,0.016892,0.005753,-0.027879,0.010511,0.005229,-0.026479,0.031173,0.021129,-0.017927,0.031722,0.005202,0.001722,0.003809,0.009003,0.020456,-0.000590,-0.032979,-0.002815,0.011673,-0.008975,-0.027857,0.029370,0.017767,0.073387,-0.015450,-0.017611,0.025653,-0.005514,0.016982,-0.043754,-0.027558,-0.000413,-0.024381,-0.016841,-0.043820,0.025738,0.012761,0.018171,-0.011390,-0.002158,0.004152,-0.007301,-0.031274,-0.016530,0.017060,-0.015224,0.026511,-0.023446,-0.009442,0.014253,0.049367,0.026618,0.048141,0.002663,-0.009780,-0.011842,0.006613,-0.006475,0.003080,0.017932,-0.004390,0.010874,-0.012679,0.004404,-0.011768,0.006712,0.009580,-0.021516,-0.043397,0.030906,-0.013564,-0.002201,-0.034526,-0.010165,-0.010739,-0.006627,-0.000942,-0.010185,0.002738,-0.006476,0.021037,-0.021628,-0.025492,0.009357,0.086777,0.008466,0.056086,0.000108,0.003942,-0.011092,0.022486,0.010302,-0.013127,-0.006176,-0.008531,-0.013123,0.020326,0.018304,0.003014,-0.000379,-0.020530,0.001972,0.021296,0.008281,0.024711,0.007458,0.010787,-0.006839,0.015939,-0.000856,0.003825,-0.025416,-0.026828,-0.002144,0.031071,0.010945,0.001760,0.007127,0.010517,0.022539,0.030137,-0.003013,0.017677,-0.029663,0.025250,0.017267,0.017994,-0.017886,0.013714,-0.046879,0.038927,0.019077,0.017674,0.012159,0.011287,0.010775,-0.009737,0.028262,-0.017636,-0.012349,-0.007668,-0.023594,0.005227,-0.009972,-0.008331,0.005708,0.017270,-0.001227,-0.013229,0.004210,-0.021962,0.015190,-0.003704,-0.007892,0.008769,-0.000835,-0.012232,-0.024073,0.028825,0.001997,-0.016940,-0.015434,-0.011925,0.007378,-0.030179,0.013169,0.030550,-0.007599,0.030848,0.012686,-0.025781,0.021028,0.011791,0.013... [truncated]"
time=2026-09-15T00:28:09.099+08:00 level=INFO msg="TagMatch: label=\"索尼\" category=keyword similarity search returned totalCandidates=20 bestSimilarity=0.8302"
time=2026-09-15T00:28:09.099+08:00 level=INFO msg="TagMatch: label=\"索尼\" category=keyword result=no_match reason=below_low_similarity bestSimilarity=0.8302"
time=2026-09-15T00:28:09.099+08:00 level=INFO msg="findOrCreateTag: label=\"索尼\" category=keyword matchType=no_match"
time=2026-09-15T00:28:09.099+08:00 level=INFO msg="findOrCreateTag: label=\"索尼\" category=keyword fallback=create_new"
time=2026-09-15T00:28:09.246+08:00 level=WARN msg="[SLOW SQL] 392.774ms > 200ms | rows=6573 | SELECT id, label, slug, label_type, aliases, ref_count, description, status, protected, source, display_order, created_at, updated_at FROM \"semantic_labels\" WHERE label_type = 'auxiliary' AND status = 'active'"
time=2026-09-15T00:28:09.281+08:00 level=INFO msg="findOrCreateTag: start label=\"索尼发布首款鱼眼变焦镜头\" slug=\"索尼发布首款鱼眼变焦镜头\" category=event source=llm"
time=2026-09-15T00:28:09.281+08:00 level=INFO msg="TagMatch: start label=\"索尼发布首款鱼眼变焦镜头\" slug=\"索尼发布首款鱼眼变焦镜头\" category=event threshold=0.92"
time=2026-09-15T00:28:09.902+08:00 level=INFO msg="TagMatch: label=\"索尼发布首款鱼眼变焦镜头\" category=event similarity search returned totalCandidates=20 bestSimilarity=0.7682"
time=2026-09-15T00:28:09.902+08:00 level=INFO msg="TagMatch: label=\"索尼发布首款鱼眼变焦镜头\" category=event result=no_match reason=below_low_similarity bestSimilarity=0.7682"
time=2026-09-15T00:28:09.902+08:00 level=INFO msg="findOrCreateTag: label=\"索尼发布首款鱼眼变焦镜头\" category=event matchType=no_match"
time=2026-09-15T00:28:09.904+08:00 level=INFO msg="findOrCreateTag: label=\"索尼发布首款鱼眼变焦镜头\" category=event fallback=create_new"
time=2026-09-15T00:28:10.256+08:00 level=INFO msg="Generated description + 5 keywords for event tag 158444 (Zuckoff 应用可检测附近 Meta 智能眼镜并发出隐私警报): [Zuckoff Meta 智能眼镜 蓝牙信号 隐私警报]"
time=2026-09-15T00:28:11.027+08:00 level=INFO msg="Generated description + 5 keywords for event tag 158443 (Pixiv 与 VRChat 实施资本业务合作): [Pixiv VRChat 资本业务合作 联合推广 创作者生态]"
time=2026-09-15T00:28:11.728+08:00 level=INFO msg="Generated description + 4 keywords for event tag 158446 (索尼发布首款鱼眼变焦镜头): [索尼 鱼眼变焦镜头 VR拍摄 FE 8-14mm]"
time=2026-09-15T00:28:12.961+08:00 level=WARN msg="[SLOW SQL] 3566.926ms > 200ms | rows=5835 | SELECT id, merge_embedding FROM \"semantic_labels\" WHERE label_type = 'auxiliary' AND status = 'active' AND merge_embedding IS NOT NULL"
time=2026-09-15T00:28:13.511+08:00 level=WARN msg="auxiliary label dedup gate slow: label=\"Zuckoff 应用\" took=4.256688s (>50ms), review L1/L2 (embedder/merge) performance"
time=2026-09-15T00:28:13.511+08:00 level=WARN msg="auxiliary label dedup gate slow: label=\"VRChat\" took=4.2638067s (>50ms), review L1/L2 (embedder/merge) performance"
time=2026-09-15T00:28:13.782+08:00 level=WARN msg="auxiliary label dedup gate slow: label=\"E 卡口\" took=273.6764ms (>50ms), review L1/L2 (embedder/merge) performance"
time=2026-09-15T00:28:17.361+08:00 level=WARN msg="[SLOW SQL] 2926.833ms > 200ms | rows=5836 | SELECT id, merge_embedding FROM \"semantic_labels\" WHERE label_type = 'auxiliary' AND status = 'active' AND merge_embedding IS NOT NULL"
time=2026-09-15T00:28:17.671+08:00 level=INFO msg="[tracing] scheduler \"Auto Refresh\" tick: tracing not recording"
time=2026-09-15T00:28:17.675+08:00 level=INFO msg="[tracing] scheduler \"Content Completion\" tick: tracing not recording"
time=2026-09-15T00:28:17.730+08:00 level=INFO msg="Auto Refresh: triggered 16 feeds (scanned=23, due=16, stale_reset=0)"
time=2026-09-15T00:28:17.821+08:00 level=INFO msg="Content Completion: no pending content to complete"
time=2026-09-15T00:28:17.901+08:00 level=WARN msg="auxiliary label dedup gate slow: label=\"VRoid Studio\" took=4.0705595s (>50ms), review L1/L2 (embedder/merge) performance"
time=2026-09-15T00:28:17.901+08:00 level=WARN msg="auxiliary label dedup gate slow: label=\"隐私警报\" took=4.0334649s (>50ms), review L1/L2 (embedder/merge) performance"
time=2026-09-15T00:28:17.939+08:00 level=INFO msg="Successfully tagged article 128297"
time=2026-09-15T00:28:17.943+08:00 level=INFO msg="[cleanup] feed 9: max=100, active=26"
time=2026-09-15T00:28:17.943+08:00 level=INFO msg="[cleanup] feed 9: skip, active article count within limit"
time=2026-09-15T00:28:21.554+08:00 level=INFO msg="findOrCreateTag: start label=\"PICO 头显\" slug=\"pico 头显\" category=keyword source=llm"
time=2026-09-15T00:28:21.554+08:00 level=INFO msg="TagMatch: start label=\"PICO 头显\" slug=\"pico 头显\" category=keyword threshold=0.92"
time=2026-09-15T00:28:21.555+08:00 level=INFO msg="TagMatch: label=\"PICO 头显\" category=keyword result=exact reason=slug existingID=337 existingLabel=\"PICO 头显\""
time=2026-09-15T00:28:21.556+08:00 level=INFO msg="findOrCreateTag: label=\"PICO 头显\" category=keyword matchType=exact existingID=337 existingLabel=\"PICO 头显\""
time=2026-09-15T00:28:21.740+08:00 level=WARN msg="[SLOW SQL] 2962.629ms > 200ms | rows=5838 | SELECT id, merge_embedding FROM \"semantic_labels\" WHERE label_type = 'auxiliary' AND status = 'active' AND merge_embedding IS NOT NULL"
time=2026-09-15T00:28:22.203+08:00 level=INFO msg="findOrCreateTag: start label=\"哈德斯菲尔德大学\" slug=\"哈德斯菲尔德大学\" category=keyword source=llm"
time=2026-09-15T00:28:22.203+08:00 level=INFO msg="TagMatch: start label=\"哈德斯菲尔德大学\" slug=\"哈德斯菲尔德大学\" category=keyword threshold=0.92"
time=2026-09-15T00:28:22.207+08:00 level=WARN msg="auxiliary label dedup gate slow: label=\"VRoid Hub\" took=3.5203779s (>50ms), review L1/L2 (embedder/merge) performance"
time=2026-09-15T00:28:22.207+08:00 level=WARN msg="auxiliary label dedup gate slow: label=\"蓝牙信号\" took=3.9673187s (>50ms), review L1/L2 (embedder/merge) performance"
time=2026-09-15T00:28:22.478+08:00 level=INFO msg="findOrCreateTag: start label=\"蓝牙信号\" slug=\"蓝牙信号\" category=keyword source=llm"
time=2026-09-15T00:28:22.478+08:00 level=INFO msg="TagMatch: start label=\"蓝牙信号\" slug=\"蓝牙信号\" category=keyword threshold=0.92"
time=2026-09-15T00:28:22.691+08:00 level=ERROR msg="Error refreshing feed 17: feed returned HTTP 502"
time=2026-09-15T00:28:22.694+08:00 level=ERROR msg="Error refreshing feed 22: feed returned HTTP 502"
time=2026-09-15T00:28:22.696+08:00 level=ERROR msg="Error refreshing feed 19: feed returned HTTP 502"
time=2026-09-15T00:28:22.700+08:00 level=ERROR msg="Error refreshing feed 16: feed returned HTTP 502"
time=2026-09-15T00:28:22.705+08:00 level=ERROR msg="Error refreshing feed 11: feed returned HTTP 502"
time=2026-09-15T00:28:22.712+08:00 level=ERROR msg="Error refreshing feed 27: feed returned HTTP 502"
time=2026-09-15T00:28:22.745+08:00 level=ERROR msg="Error refreshing feed 26: feed returned HTTP 502"
time=2026-09-15T00:28:22.958+08:00 level=ERROR msg="Error refreshing feed 25: feed returned HTTP 502"
time=2026-09-15T00:28:24.223+08:00 level=WARN msg="[SLOW SQL] 1292.249ms > 200ms | rows=20 | \n\t\tSELECT t.id AS tag_id, e.embedding <=> '[-0.000135,0.000309,-0.051714,-0.017631,-0.002134,0.029102,0.072160,0.013758,0.052555,-0.008911,-0.024433,0.016739,0.015620,-0.027936,0.034305,-0.018153,0.002171,-0.030823,-0.004117,-0.001413,-0.014050,0.033218,0.021070,0.057847,-0.006434,-0.041419,-0.024932,-0.017972,0.025631,0.062322,-0.026062,-0.023901,0.069265,-0.007979,0.005379,-0.012348,-0.005532,0.000979,-0.001673,0.013704,0.010042,-0.018670,0.013074,0.016588,-0.012514,0.015097,-0.000884,-0.008731,0.005526,-0.031902,0.000284,-0.006365,0.032513,-0.008537,0.047556,-0.025245,0.066286,-0.000363,-0.015463,-0.010971,-0.005469,0.040099,-0.026638,-0.022011,-0.002519,-0.017214,0.021607,0.024441,0.020280,0.002527,0.010237,-0.046258,-0.037121,0.021384,-0.008249,-0.021920,-0.013041,0.028395,-0.037287,-0.013166,-0.001520,0.003063,0.029342,0.033454,-0.001060,0.013310,-0.003470,-0.009933,-0.024536,-0.015136,0.010798,-0.030654,0.007096,0.000476,0.010008,0.010954,-0.021717,-0.012207,0.037585,-0.005075,-0.010600,-0.016434,0.012724,0.015350,0.008918,-0.023668,0.003350,0.013411,0.011566,0.015771,-0.022671,-0.011601,-0.024805,0.014398,-0.001878,-0.005550,-0.004001,0.030201,-0.017614,0.018144,0.004337,0.041176,-0.022957,0.020291,0.008457,-0.013129,0.000074,-0.001924,0.014510,-0.001265,0.067569,-0.029402,-0.004523,0.006972,0.015973,0.008026,-0.007231,-0.033368,-0.002235,0.004790,0.010782,0.026110,0.010354,0.005714,-0.028484,-0.021429,-0.012184,0.037685,0.022840,-0.009599,0.023719,0.011396,0.047609,0.024162,-0.001656,0.022360,-0.016625,0.020784,0.030346,0.030577,-0.020803,0.019535,0.015656,0.034081,0.002280,-0.018683,0.035839,0.018539,-0.011346,-0.012585,-0.014065,-0.004361,-0.000590,-0.014313,0.003273,-0.014653,-0.037547,0.025245,0.009356,0.016295,0.007838,0.012174,0.036584,-0.017261,-0.012594,-0.015791,-0.008814,0.003943,0.018457,-0.013522,-0.067188,0.041278,-0.007837,-0.028618,-0.013102,-0.007585,-0.001843,0.015909,0.001562,0.033671,0.034440,0.004316,0.017999,0.016490,-0.005754,-0.032140... [truncated]"
time=2026-09-15T00:28:24.224+08:00 level=WARN msg="[SLOW SQL] 1205.907ms > 200ms | rows=20 | \n\t\tSELECT t.id AS tag_id, e.embedding <=> '[0.000054,-0.015301,-0.040199,-0.044080,-0.001069,0.046433,0.061320,-0.046378,0.057138,-0.022476,0.029189,-0.003698,0.013983,-0.054539,0.022373,-0.010675,-0.003594,-0.003925,-0.008871,-0.001594,-0.022853,-0.006338,0.029631,-0.007902,-0.048928,-0.010835,-0.027924,0.034993,-0.012939,0.014903,0.008466,-0.050415,0.008536,0.021463,0.004821,-0.027341,0.009470,0.002821,-0.044583,0.036903,0.033891,-0.013701,0.034443,0.005773,-0.010316,0.022410,0.012390,-0.001141,-0.005163,-0.026678,0.003921,0.010525,-0.024412,-0.024296,-0.014796,0.021886,0.076754,-0.009982,-0.011151,0.004703,-0.009512,0.027776,-0.059659,-0.033675,-0.003152,-0.022969,-0.012216,0.001861,0.027902,0.023633,-0.021645,-0.008402,-0.003378,0.006204,-0.001988,-0.022063,-0.016427,0.016108,0.014125,0.014908,-0.026398,0.001668,0.014084,0.054054,0.032224,0.010841,0.021225,-0.016293,-0.006787,0.007314,-0.008230,-0.006061,-0.003009,0.000585,0.001091,0.005060,0.015781,-0.008852,0.021803,0.010080,-0.016906,-0.021905,0.030694,-0.012948,0.012816,-0.033216,-0.025188,0.003034,-0.016180,0.010528,-0.010829,-0.007751,-0.011923,0.006401,-0.016186,-0.030874,0.017805,0.031528,0.005504,0.099459,0.000038,0.019275,0.001440,0.021847,0.035253,-0.034186,-0.017120,0.008228,0.012742,0.023791,0.031343,-0.021465,0.013533,-0.009422,0.014197,0.007241,-0.000168,0.013792,0.018266,0.005612,-0.014285,0.019885,-0.011073,-0.036309,-0.003627,-0.037056,-0.000843,0.014492,0.015896,0.010641,-0.001309,0.020255,0.013768,0.028573,-0.002447,0.015115,-0.035961,0.028011,0.013541,0.012385,-0.002662,0.012183,-0.016035,0.025625,0.005071,0.003737,0.006836,0.009962,-0.000188,-0.018604,0.033376,-0.045734,-0.001007,-0.000774,-0.012992,-0.001160,-0.025672,-0.014868,-0.000493,0.019254,-0.002458,-0.036521,0.018309,0.013375,0.008191,-0.000235,-0.007464,0.000988,-0.015422,-0.011188,-0.058378,0.033605,-0.007017,-0.010584,-0.004627,-0.001127,-0.016333,-0.034240,0.032562,0.031357,-0.006670,0.021937,-0.005109,-0.007852,0.005272,0.0212... [truncated]"
time=2026-09-15T00:28:24.225+08:00 level=INFO msg="TagMatch: label=\"蓝牙信号\" category=keyword similarity search returned totalCandidates=20 bestSimilarity=0.7672"
time=2026-09-15T00:28:24.226+08:00 level=INFO msg="TagMatch: label=\"蓝牙信号\" category=keyword result=no_match reason=below_low_similarity bestSimilarity=0.7672"
time=2026-09-15T00:28:24.226+08:00 level=INFO msg="findOrCreateTag: label=\"蓝牙信号\" category=keyword matchType=no_match"
time=2026-09-15T00:28:24.227+08:00 level=INFO msg="TagMatch: label=\"哈德斯菲尔德大学\" category=keyword similarity search returned totalCandidates=20 bestSimilarity=0.6381"
time=2026-09-15T00:28:24.227+08:00 level=INFO msg="TagMatch: label=\"哈德斯菲尔德大学\" category=keyword result=no_match reason=below_low_similarity bestSimilarity=0.6381"
time=2026-09-15T00:28:24.227+08:00 level=INFO msg="findOrCreateTag: label=\"哈德斯菲尔德大学\" category=keyword matchType=no_match"
time=2026-09-15T00:28:24.227+08:00 level=INFO msg="findOrCreateTag: label=\"蓝牙信号\" category=keyword fallback=create_new"
time=2026-09-15T00:28:24.227+08:00 level=INFO msg="findOrCreateTag: label=\"哈德斯菲尔德大学\" category=keyword fallback=create_new"
time=2026-09-15T00:28:26.410+08:00 level=WARN msg="[SLOW SQL] 3306.553ms > 200ms | rows=5842 | SELECT id, merge_embedding FROM \"semantic_labels\" WHERE label_type = 'auxiliary' AND status = 'active' AND merge_embedding IS NOT NULL"
time=2026-09-15T00:28:26.888+08:00 level=WARN msg="auxiliary label dedup gate slow: label=\"资本业务合作\" took=3.9501334s (>50ms), review L1/L2 (embedder/merge) performance"
time=2026-09-15T00:28:26.897+08:00 level=INFO msg="Successfully tagged article 128296"
time=2026-09-15T00:28:27.057+08:00 level=WARN msg="auxiliary label dedup gate slow: label=\"哈德斯菲尔德大学\" took=183.2286ms (>50ms), review L1/L2 (embedder/merge) performance"
time=2026-09-15T00:28:27.462+08:00 level=INFO msg="findOrCreateTag: start label=\"VRChat\" slug=\"vrchat\" category=keyword source=llm"
time=2026-09-15T00:28:27.462+08:00 level=INFO msg="TagMatch: start label=\"VRChat\" slug=\"vrchat\" category=keyword threshold=0.92"
time=2026-09-15T00:28:27.707+08:00 level=ERROR msg="Error refreshing feed 24: feed returned HTTP 502"
time=2026-09-15T00:28:27.710+08:00 level=ERROR msg="Error refreshing feed 31: feed returned HTTP 502"
time=2026-09-15T00:28:27.754+08:00 level=ERROR msg="Error refreshing feed 33: feed returned HTTP 502"
time=2026-09-15T00:28:27.965+08:00 level=INFO msg="findOrCreateTag: start label=\"哈德斯菲尔德大学引入 PICO 头显培训学生急救员\" slug=\"哈德斯菲尔德大学引入 pico 头显培训学生急救员\" category=event source=llm"
time=2026-09-15T00:28:27.965+08:00 level=INFO msg="TagMatch: start label=\"哈德斯菲尔德大学引入 PICO 头显培训学生急救员\" slug=\"哈德斯菲尔德大学引入 pico 头显培训学生急救员\" category=event threshold=0.92"
time=2026-09-15T00:28:29.466+08:00 level=WARN msg="[SLOW SQL] 918.232ms > 200ms | rows=20 | \n\t\tSELECT t.id AS tag_id, e.embedding <=> '[0.000107,0.031798,-0.043379,-0.033917,-0.000945,0.051269,0.061368,-0.081991,0.052206,-0.007267,0.041405,-0.013543,0.014701,-0.051119,0.034679,-0.013182,-0.021363,-0.016310,-0.023022,-0.004385,-0.021595,-0.002514,0.018816,0.037827,-0.024394,-0.046132,-0.025234,0.080761,0.002035,0.008114,0.005579,-0.039743,0.064414,-0.000291,0.005349,-0.026924,-0.007082,0.005310,-0.003099,0.019658,0.024259,-0.013142,0.033641,0.012919,-0.000229,0.015779,0.013068,0.018094,-0.017411,-0.009578,-0.003568,0.006062,-0.006502,-0.022238,0.020858,0.023091,0.054239,-0.016747,-0.034375,0.018424,-0.004295,0.027280,-0.020379,-0.017412,0.000072,-0.016417,-0.027338,-0.024812,0.024616,0.004762,0.017271,-0.038014,0.001684,0.009092,0.015096,-0.035537,-0.008455,0.035282,0.011542,-0.000104,-0.020335,-0.011027,0.020854,0.039717,0.022786,0.006506,0.018741,-0.011750,-0.041604,0.001280,-0.006834,-0.005229,0.007461,-0.006707,0.008161,0.000975,-0.001198,-0.014238,-0.005770,0.001464,-0.029419,-0.019430,0.051806,-0.022231,0.006336,-0.038424,-0.010651,-0.020107,-0.001707,-0.002123,-0.009564,0.003883,-0.013594,0.030852,-0.009021,-0.026892,0.026895,0.043987,0.000122,0.081196,-0.007067,0.022823,-0.013351,0.013902,0.003054,-0.062330,-0.000262,0.006818,-0.011517,0.017209,0.033748,-0.012033,0.029039,-0.018318,0.003365,0.012106,0.000738,-0.007859,0.016083,0.026440,-0.009275,0.036478,0.010766,0.001892,-0.014587,-0.025250,-0.026441,0.003333,0.017918,0.014634,0.020539,-0.001285,0.025687,0.023341,-0.000507,0.014868,-0.028781,-0.000526,0.028170,0.013249,-0.029657,0.033392,-0.015922,0.007872,0.011553,0.024440,0.008528,-0.007212,-0.008660,-0.010998,0.004161,-0.024168,0.018102,-0.006110,-0.018418,0.013324,0.008120,-0.003442,-0.009053,0.008123,-0.009574,-0.009963,0.017218,-0.001739,0.010819,0.007501,-0.007712,0.019104,-0.003048,-0.010138,-0.027449,0.037394,-0.014158,-0.009518,-0.014237,-0.016454,-0.006729,-0.041056,0.024228,0.037380,0.013663,-0.002716,-0.012048,-0.006169,0.004439,-0.018... [truncated]"
time=2026-09-15T00:28:29.467+08:00 level=INFO msg="TagMatch: label=\"VRChat\" category=keyword similarity search returned totalCandidates=20 bestSimilarity=0.7605"
time=2026-09-15T00:28:29.467+08:00 level=INFO msg="TagMatch: label=\"VRChat\" category=keyword result=no_match reason=below_low_similarity bestSimilarity=0.7605"
time=2026-09-15T00:28:29.467+08:00 level=INFO msg="findOrCreateTag: label=\"VRChat\" category=keyword matchType=no_match"
time=2026-09-15T00:28:29.467+08:00 level=INFO msg="findOrCreateTag: label=\"VRChat\" category=keyword fallback=create_new"
time=2026-09-15T00:28:29.717+08:00 level=WARN msg="[SLOW SQL] 670.264ms > 200ms | rows=20 | \n\t\tSELECT t.id AS tag_id, e.embedding <=> '[-0.000428,-0.020697,-0.069945,-0.006492,-0.003287,0.052482,0.064931,0.040426,0.054529,-0.023762,-0.011183,0.010343,0.013890,-0.044012,0.082381,-0.025508,-0.001346,-0.026932,0.045646,0.000979,-0.013902,0.041817,0.052238,0.017732,-0.014646,-0.037932,-0.025909,-0.022940,0.025796,0.084221,-0.012789,-0.021855,0.068016,0.015527,0.005471,-0.014462,0.003577,-0.003026,-0.034663,0.061267,0.008981,-0.014649,0.010333,0.012235,0.024960,0.016776,0.010260,-0.033459,0.016478,-0.033079,0.004326,-0.007350,0.029114,-0.012793,0.012976,0.022975,0.092129,-0.006346,-0.017779,-0.019175,-0.004199,0.004201,-0.019502,-0.019562,0.000808,-0.020708,-0.007467,0.004110,0.014912,0.013563,0.048579,-0.044373,-0.027721,0.020070,0.003804,-0.026358,-0.012259,0.031427,-0.022687,0.001004,-0.039345,0.015471,0.028063,0.036413,0.021057,0.012727,0.012896,-0.004237,-0.022479,-0.004739,0.008736,-0.057060,0.012857,-0.004265,0.011454,0.002466,-0.022175,-0.011379,0.001122,-0.005825,-0.016831,-0.019116,0.033558,0.005530,0.018441,-0.017494,-0.000298,0.015488,0.015692,0.001100,-0.007524,0.004541,-0.019145,0.015531,-0.011323,-0.009067,-0.005530,0.031462,-0.011748,0.036541,0.000730,0.038804,-0.028437,0.017704,0.019799,-0.018216,0.003456,-0.002496,-0.003130,0.017152,0.073379,-0.035394,0.018909,-0.015963,0.017578,-0.013655,0.005764,-0.036142,-0.019557,0.014044,0.012421,0.027221,0.003562,-0.001871,-0.018700,-0.026057,-0.013104,0.028572,0.016777,0.004856,0.022299,-0.001063,0.025679,0.030382,0.004926,0.014781,-0.020798,0.023456,0.020813,0.024835,-0.004887,0.010867,0.029896,0.005759,0.004813,-0.016012,0.040236,-0.002217,-0.011197,-0.018455,0.000284,-0.005341,0.006609,-0.011266,-0.001587,-0.028823,-0.026810,-0.008817,0.002255,0.020688,-0.001675,-0.020005,0.063076,-0.009194,0.012703,-0.019159,-0.000677,0.002599,0.029400,-0.017043,-0.072632,0.043339,-0.012979,0.007301,-0.015545,0.001115,-0.006018,-0.005384,0.022922,0.041767,0.026836,0.017571,0.009470,0.020440,-0.006858,-0.027080,0.009... [truncated]"
time=2026-09-15T00:28:29.718+08:00 level=INFO msg="TagMatch: label=\"哈德斯菲尔德大学引入 PICO 头显培训学生急救员\" category=event similarity search returned totalCandidates=20 bestSimilarity=0.7365"
time=2026-09-15T00:28:29.718+08:00 level=INFO msg="TagMatch: label=\"哈德斯菲尔德大学引入 PICO 头显培训学生急救员\" category=event result=no_match reason=below_low_similarity bestSimilarity=0.7365"
time=2026-09-15T00:28:29.718+08:00 level=INFO msg="findOrCreateTag: label=\"哈德斯菲尔德大学引入 PICO 头显培训学生急救员\" category=event matchType=no_match"
time=2026-09-15T00:28:29.719+08:00 level=INFO msg="findOrCreateTag: label=\"哈德斯菲尔德大学引入 PICO 头显培训学生急救员\" category=event fallback=create_new"
time=2026-09-15T00:28:29.760+08:00 level=INFO msg="findOrCreateTag: start label=\"PC VR 串流\" slug=\"pc vr 串流\" category=keyword source=llm"
time=2026-09-15T00:28:29.760+08:00 level=INFO msg="TagMatch: start label=\"PC VR 串流\" slug=\"pc vr 串流\" category=keyword threshold=0.92"
time=2026-09-15T00:28:29.916+08:00 level=WARN msg="[SLOW SQL] 443.692ms > 200ms | rows=6582 | SELECT id, label, slug, label_type, aliases, ref_count, description, status, protected, source, display_order, created_at, updated_at FROM \"semantic_labels\" WHERE label_type = 'auxiliary' AND status = 'active'"
time=2026-09-15T00:28:29.936+08:00 level=INFO msg="findOrCreateTag: start label=\"VRoid Studio\" slug=\"vroid studio\" category=keyword source=llm"
time=2026-09-15T00:28:29.936+08:00 level=INFO msg="TagMatch: start label=\"VRoid Studio\" slug=\"vroid studio\" category=keyword threshold=0.92"
time=2026-09-15T00:28:30.252+08:00 level=WARN msg="[SLOW SQL] 279.162ms > 200ms | rows=20 | \n\t\tSELECT t.id AS tag_id, e.embedding <=> '[0.000013,0.011587,-0.064636,-0.016986,-0.001014,0.045448,0.036144,-0.066940,0.044207,0.027543,0.021035,-0.030567,0.010158,-0.054356,0.083211,-0.004659,-0.026712,-0.007532,0.010855,0.000527,-0.014247,0.008451,0.034100,-0.004766,-0.027987,-0.015812,-0.026731,0.003664,-0.017801,0.001144,0.003046,-0.034054,0.057684,0.027701,0.003115,-0.009252,0.014368,0.003874,-0.010049,0.049328,0.034435,-0.030664,0.012842,0.002769,0.030824,0.008120,0.009327,-0.013664,-0.007670,-0.017542,0.003415,0.012942,-0.009355,-0.022002,-0.015121,0.042457,0.083839,-0.010231,-0.026769,0.063860,-0.005885,0.009726,-0.004166,-0.007471,0.002418,-0.012292,-0.029754,-0.013803,0.018276,0.017923,0.036357,-0.021389,-0.008519,0.014723,-0.008779,-0.035001,-0.010210,0.036913,-0.008203,0.011465,-0.036565,0.019108,0.015047,0.049303,0.022516,0.016140,0.003728,-0.011418,-0.006082,0.025773,-0.001892,-0.014687,-0.006754,-0.050901,0.001650,-0.006521,0.014505,-0.008077,-0.026429,0.004051,-0.020876,-0.033650,0.011851,-0.020804,0.001713,-0.027029,-0.028869,-0.016543,0.002308,0.004622,0.014350,0.019888,-0.009992,0.017232,-0.009176,-0.039831,0.013935,0.047810,0.010716,0.051517,-0.004855,0.021522,-0.006261,0.032509,0.007881,-0.046740,-0.003160,-0.004276,-0.019198,0.014927,0.037813,-0.010203,0.022186,-0.010661,0.013092,-0.012009,0.022708,-0.023452,0.025176,-0.010478,-0.011869,0.033448,0.002871,-0.003112,-0.009687,-0.032622,-0.004809,0.017105,0.002536,0.000505,0.030531,-0.009334,0.007377,0.016602,0.014031,0.009062,-0.032653,0.029194,0.004055,0.001488,-0.008773,0.030078,-0.002432,0.001256,-0.006013,0.010979,-0.003571,-0.011497,0.008460,-0.002692,0.002867,-0.016983,0.006408,-0.004083,-0.009413,-0.002154,-0.020511,-0.019781,0.001534,0.000349,-0.016139,-0.014266,0.037450,0.001406,-0.002866,-0.017533,-0.014029,0.008879,0.014567,0.002654,-0.036997,0.056795,-0.009445,-0.002808,-0.006070,0.018718,0.013878,-0.044406,0.005063,0.039529,0.006614,0.031506,0.009461,-0.004721,0.017767,-0.019572,0.... [truncated]"
time=2026-09-15T00:28:30.263+08:00 level=INFO msg="TagMatch: label=\"PC VR 串流\" category=keyword similarity search returned totalCandidates=20 bestSimilarity=0.7755"
time=2026-09-15T00:28:30.263+08:00 level=INFO msg="TagMatch: label=\"PC VR 串流\" category=keyword result=no_match reason=below_low_similarity bestSimilarity=0.7755"
time=2026-09-15T00:28:30.263+08:00 level=INFO msg="findOrCreateTag: label=\"PC VR 串流\" category=keyword matchType=no_match"
time=2026-09-15T00:28:30.264+08:00 level=INFO msg="findOrCreateTag: label=\"PC VR 串流\" category=keyword fallback=create_new"
time=2026-09-15T00:28:30.428+08:00 level=INFO msg="TagMatch: label=\"VRoid Studio\" category=keyword similarity search returned totalCandidates=20 bestSimilarity=0.7309"
time=2026-09-15T00:28:30.428+08:00 level=INFO msg="TagMatch: label=\"VRoid Studio\" category=keyword result=no_match reason=below_low_similarity bestSimilarity=0.7309"
time=2026-09-15T00:28:30.428+08:00 level=INFO msg="findOrCreateTag: label=\"VRoid Studio\" category=keyword matchType=no_match"
time=2026-09-15T00:28:30.430+08:00 level=INFO msg="findOrCreateTag: label=\"VRoid Studio\" category=keyword fallback=create_new"
time=2026-09-15T00:28:30.929+08:00 level=INFO msg="Generated description + 5 keywords for event tag 158450 (哈德斯菲尔德大学引入 PICO 头显培训学生急救员): [哈德斯菲尔德大学 PICO头显 学生急救员 虚拟现实 检伤分类]"
time=2026-09-15T00:28:32.712+08:00 level=ERROR msg="Error refreshing feed 15: failed to fetch feed: Get \"https://huggingface.co/blog/feed.xml\": net/http: TLS handshake timeout"
time=2026-09-15T00:28:32.720+08:00 level=ERROR msg="Error refreshing feed 28: failed to fetch feed: Get \"https://www.v2ex.com/feed/tab/creative.xml\": net/http: TLS handshake timeout"
time=2026-09-15T00:28:33.615+08:00 level=WARN msg="[SLOW SQL] 3240.554ms > 200ms | rows=5844 | SELECT id, merge_embedding FROM \"semantic_labels\" WHERE label_type = 'auxiliary' AND status = 'active' AND merge_embedding IS NOT NULL"
time=2026-09-15T00:28:34.238+08:00 level=WARN msg="auxiliary label dedup gate slow: label=\"PC VR 串流\" took=3.9609494s (>50ms), review L1/L2 (embedder/merge) performance"
time=2026-09-15T00:28:34.238+08:00 level=WARN msg="auxiliary label dedup gate slow: label=\"学生急救员 VR 培训\" took=4.3152707s (>50ms), review L1/L2 (embedder/merge) performance"
time=2026-09-15T00:28:34.244+08:00 level=INFO msg="Successfully tagged article 128298"
time=2026-09-15T00:28:34.800+08:00 level=INFO msg="findOrCreateTag: start label=\"PICO\" slug=\"pico\" category=keyword source=llm"
time=2026-09-15T00:28:34.800+08:00 level=INFO msg="TagMatch: start label=\"PICO\" slug=\"pico\" category=keyword threshold=0.92"
time=2026-09-15T00:28:34.802+08:00 level=INFO msg="TagMatch: label=\"PICO\" category=keyword result=exact reason=slug existingID=223 existingLabel=\"PICO\""
time=2026-09-15T00:28:34.802+08:00 level=INFO msg="findOrCreateTag: label=\"PICO\" category=keyword matchType=exact existingID=223 existingLabel=\"PICO\""
time=2026-09-15T00:28:34.883+08:00 level=INFO msg="findOrCreateTag: start label=\"PICO启动兴趣达人招募计划\" slug=\"pico启动兴趣达人招募计划\" category=event source=llm"
time=2026-09-15T00:28:34.883+08:00 level=INFO msg="TagMatch: start label=\"PICO启动兴趣达人招募计划\" slug=\"pico启动兴趣达人招募计划\" category=event threshold=0.92"
time=2026-09-15T00:28:36.646+08:00 level=WARN msg="[SLOW SQL] 1081.543ms > 200ms | rows=20 | \n\t\tSELECT t.id AS tag_id, e.embedding <=> '[-0.000567,-0.011231,-0.072867,0.013116,-0.003527,0.070639,0.073114,0.013117,0.038551,0.003685,0.031212,-0.031250,0.007475,-0.038037,0.075954,-0.027881,-0.032782,-0.037019,0.004204,0.000658,-0.007113,0.027218,0.067949,0.032607,-0.017451,-0.036990,-0.022941,0.021137,0.008680,0.024659,-0.018246,-0.033841,0.059852,0.029338,0.005722,-0.013357,-0.010435,-0.001473,-0.041529,0.051262,0.020141,-0.027959,0.022285,0.008407,0.007084,0.038590,0.014624,0.023417,0.004804,-0.026793,0.009733,-0.008801,-0.014451,-0.018759,-0.036145,0.040738,0.093688,-0.014885,0.003248,-0.011120,0.000084,-0.018413,0.002222,-0.009901,0.001926,-0.017447,-0.046250,-0.046858,0.013465,-0.005834,0.044985,-0.017493,-0.004706,0.007457,0.039232,-0.033900,-0.009545,0.028983,0.004146,0.018959,-0.056695,0.009598,0.027665,0.068519,0.024649,0.002555,0.015098,-0.007652,-0.037585,0.013053,0.017894,-0.011898,0.022861,0.022051,-0.001593,-0.011917,0.008786,-0.017919,-0.017996,0.006160,-0.014704,-0.019536,0.045538,-0.015910,0.009851,-0.012451,-0.010988,-0.003333,-0.003036,-0.003106,-0.009032,-0.003394,-0.000467,0.005977,0.009409,-0.005600,0.011582,0.050967,-0.012749,0.009036,-0.007254,0.015884,-0.014709,-0.001448,-0.002106,-0.016662,-0.010270,-0.010943,0.008193,0.023408,0.054019,-0.024049,0.003960,-0.024097,0.010592,-0.002863,0.005078,0.001634,0.004634,-0.003961,0.005869,0.037317,0.001438,0.000093,-0.006716,-0.041619,0.011626,0.008081,0.010471,0.006223,0.021072,-0.005839,0.000419,0.037477,-0.003251,0.005369,-0.037585,0.032730,0.015101,0.030513,-0.002669,-0.003294,0.027163,0.018019,0.012966,0.012795,0.035107,-0.010889,-0.006832,-0.034777,0.015313,-0.012921,0.017198,-0.015380,-0.012188,-0.017715,-0.013072,-0.034134,-0.005166,-0.004805,-0.013976,-0.014318,0.064379,0.008212,0.033039,0.001855,0.008473,0.010059,0.023772,-0.001352,-0.069692,0.006475,-0.009328,0.012887,0.009487,-0.014113,0.000335,-0.016266,0.026014,0.046754,0.003926,0.009929,-0.005044,0.003970,0.001136,-0.009053,0.0079... [truncated]"
time=2026-09-15T00:28:36.651+08:00 level=INFO msg="TagMatch: label=\"PICO启动兴趣达人招募计划\" category=event similarity search returned totalCandidates=20 bestSimilarity=0.7382"
time=2026-09-15T00:28:36.651+08:00 level=INFO msg="TagMatch: label=\"PICO启动兴趣达人招募计划\" category=event result=no_match reason=below_low_similarity bestSimilarity=0.7382"
time=2026-09-15T00:28:36.651+08:00 level=INFO msg="findOrCreateTag: label=\"PICO启动兴趣达人招募计划\" category=event matchType=no_match"
time=2026-09-15T00:28:36.652+08:00 level=INFO msg="findOrCreateTag: label=\"PICO启动兴趣达人招募计划\" category=event fallback=create_new"
time=2026-09-15T00:28:38.212+08:00 level=INFO msg="Generated description + 5 keywords for event tag 158453 (PICO启动兴趣达人招募计划): [PICO 兴趣达人 招募计划 VRChat 交流群]"
time=2026-09-15T00:28:38.482+08:00 level=INFO msg="findOrCreateTag: start label=\"全彩衍射光波导\" slug=\"全彩衍射光波导\" category=keyword source=llm"
time=2026-09-15T00:28:38.482+08:00 level=INFO msg="TagMatch: start label=\"全彩衍射光波导\" slug=\"全彩衍射光波导\" category=keyword threshold=0.92"
time=2026-09-15T00:28:39.160+08:00 level=WARN msg="[SLOW SQL] 3326.077ms > 200ms | rows=5846 | SELECT id, merge_embedding FROM \"semantic_labels\" WHERE label_type = 'auxiliary' AND status = 'active' AND merge_embedding IS NOT NULL"
time=2026-09-15T00:28:39.669+08:00 level=WARN msg="auxiliary label dedup gate slow: label=\"大规模伤亡事件\" took=4.3507307s (>50ms), review L1/L2 (embedder/merge) performance"
time=2026-09-15T00:28:40.051+08:00 level=WARN msg="[SLOW SQL] 1180.074ms > 200ms | rows=20 | \n\t\tSELECT t.id AS tag_id, e.embedding <=> '[-0.000222,-0.050735,-0.056083,-0.008764,-0.001992,0.038492,0.041657,-0.001809,0.051598,-0.030275,0.007724,0.005226,0.008797,-0.061144,0.060038,-0.040865,-0.016796,-0.042187,0.032723,-0.000912,-0.015881,0.045812,-0.020599,0.039387,-0.054396,-0.036440,-0.030803,-0.040419,0.026606,0.017438,0.021704,-0.015922,0.050367,-0.015088,0.006816,-0.011804,0.015619,-0.012311,-0.031865,0.030021,0.028226,-0.015060,0.001676,0.012824,-0.000197,0.018894,0.002388,0.003608,-0.009873,-0.017351,0.007636,0.002207,-0.016499,-0.009497,-0.016392,0.034227,0.072595,-0.004570,-0.010584,0.007191,0.002436,-0.001880,-0.057598,-0.018929,0.001044,-0.011899,-0.005883,-0.010873,0.018692,0.001631,0.030141,-0.005999,-0.034103,0.023942,-0.004285,-0.022146,0.009272,0.019008,0.010087,-0.010801,-0.047914,-0.003287,0.028851,0.012854,0.001802,-0.005331,0.013473,-0.003546,-0.023034,0.013368,-0.000107,0.006484,0.005750,0.032509,0.004958,0.002355,0.008772,0.001858,0.021025,0.001154,0.010148,-0.008365,0.013773,-0.015493,0.027369,-0.010893,-0.018475,0.015116,-0.006529,0.005110,-0.016004,0.025293,-0.039980,0.035926,-0.004414,-0.030659,-0.012858,0.039582,-0.024763,0.103766,0.017116,0.005662,-0.016976,0.033924,0.006153,-0.056383,-0.016293,0.014390,0.024430,0.009093,0.049080,-0.031366,0.017738,-0.010089,0.025154,0.009406,-0.006077,-0.000702,0.010713,0.018108,0.003162,0.025479,0.003343,-0.032114,-0.013151,-0.054536,0.008950,0.029113,0.017319,0.005018,0.017322,0.007553,0.028822,0.021723,-0.016492,0.033000,-0.033743,0.009063,-0.000451,0.006979,0.007799,0.007381,-0.027337,0.016499,0.007361,-0.010696,0.016983,0.016231,0.009483,0.024450,0.008246,-0.012267,0.014456,-0.024022,-0.020477,-0.012013,-0.017897,-0.028582,0.004265,0.003970,-0.026545,-0.018046,0.072970,-0.002112,-0.004870,0.005610,-0.005380,0.012658,0.020385,-0.012128,-0.021856,0.006075,0.004984,-0.007174,0.011152,-0.004413,-0.005090,-0.012631,0.027001,0.031202,0.025688,0.059834,0.040189,-0.007129,0.012581,-0.016744,0.005667... [truncated]"
time=2026-09-15T00:28:40.054+08:00 level=INFO msg="TagMatch: label=\"全彩衍射光波导\" category=keyword similarity search returned totalCandidates=20 bestSimilarity=0.7531"
time=2026-09-15T00:28:40.054+08:00 level=INFO msg="TagMatch: label=\"全彩衍射光波导\" category=keyword result=no_match reason=below_low_similarity bestSimilarity=0.7531"
time=2026-09-15T00:28:40.054+08:00 level=INFO msg="findOrCreateTag: label=\"全彩衍射光波导\" category=keyword matchType=no_match"
time=2026-09-15T00:28:40.056+08:00 level=INFO msg="findOrCreateTag: label=\"全彩衍射光波导\" category=keyword fallback=create_new"
time=2026-09-15T00:28:40.206+08:00 level=WARN msg="auxiliary label dedup gate slow: label=\"兴趣达人招募\" took=531.7393ms (>50ms), review L1/L2 (embedder/merge) performance"
time=2026-09-15T00:28:40.218+08:00 level=INFO msg="findOrCreateTag: start label=\"检伤分类\" slug=\"检伤分类\" category=keyword source=llm"
time=2026-09-15T00:28:40.218+08:00 level=INFO msg="TagMatch: start label=\"检伤分类\" slug=\"检伤分类\" category=keyword threshold=0.92"
time=2026-09-15T00:28:40.716+08:00 level=INFO msg="TagMatch: label=\"检伤分类\" category=keyword similarity search returned totalCandidates=20 bestSimilarity=0.6579"
time=2026-09-15T00:28:40.717+08:00 level=INFO msg="TagMatch: label=\"检伤分类\" category=keyword result=no_match reason=below_low_similarity bestSimilarity=0.6579"
time=2026-09-15T00:28:40.718+08:00 level=INFO msg="findOrCreateTag: label=\"检伤分类\" category=keyword matchType=no_match"
time=2026-09-15T00:28:40.719+08:00 level=INFO msg="findOrCreateTag: label=\"检伤分类\" category=keyword fallback=create_new"
time=2026-09-15T00:28:42.698+08:00 level=ERROR msg="Error refreshing feed 2: failed to fetch feed: Get \"http://www.ruanyifeng.com/blog/atom.xml\": context deadline exceeded (Client.Timeout exceeded while awaiting headers)"
time=2026-09-15T00:28:42.822+08:00 level=INFO msg="icon: candidate \"http://0.0.0.0:8080/favicon.ico\" download failed for feed 21: download failed: Get \"http://0.0.0.0:8080/favicon.ico\": context deadline exceeded (Client.Timeout exceeded while awaiting headers)"
time=2026-09-15T00:28:42.839+08:00 level=INFO msg="[cleanup] feed 21: max=100, active=100"
time=2026-09-15T00:28:42.839+08:00 level=INFO msg="[cleanup] feed 21: skip, active article count within limit"
time=2026-09-15T00:28:43.887+08:00 level=WARN msg="[SLOW SQL] 3501.053ms > 200ms | rows=5847 | SELECT id, merge_embedding FROM \"semantic_labels\" WHERE label_type = 'auxiliary' AND status = 'active' AND merge_embedding IS NOT NULL"
time=2026-09-15T00:28:44.353+08:00 level=WARN msg="auxiliary label dedup gate slow: label=\"全彩衍射光波导\" took=4.2895818s (>50ms), review L1/L2 (embedder/merge) performance"
time=2026-09-15T00:28:44.438+08:00 level=INFO msg="findOrCreateTag: start label=\"VRChat\" slug=\"vrchat\" category=keyword source=llm"
time=2026-09-15T00:28:44.438+08:00 level=INFO msg="findOrCreateTag: label=\"VRChat\" slug=\"vrchat\" category=keyword cache=hit existingID=158449"
time=2026-09-15T00:28:44.488+08:00 level=INFO msg="Successfully tagged article 128300"
time=2026-09-15T00:28:44.823+08:00 level=INFO msg="findOrCreateTag: start label=\"歌尔光学\" slug=\"歌尔光学\" category=keyword source=llm"
time=2026-09-15T00:28:44.824+08:00 level=INFO msg="TagMatch: start label=\"歌尔光学\" slug=\"歌尔光学\" category=keyword threshold=0.92"
time=2026-09-15T00:28:46.495+08:00 level=WARN msg="[SLOW SQL] 1268.153ms > 200ms | rows=20 | \n\t\tSELECT t.id AS tag_id, e.embedding <=> '[0.000167,0.021724,-0.057405,0.001352,-0.000600,0.031280,0.072881,-0.026711,0.050896,0.036177,0.008696,0.014342,0.010728,-0.036137,-0.003145,-0.015212,-0.024417,-0.070535,0.002150,-0.005693,-0.019684,0.042257,0.001975,0.013151,-0.024796,-0.016402,-0.030148,-0.017636,-0.021320,0.037067,0.014091,-0.052948,0.037804,0.021156,0.005094,-0.015396,0.045226,-0.005557,-0.041759,0.029091,0.014694,-0.013620,0.016043,0.026857,-0.006052,0.022779,0.010937,0.023949,-0.001028,-0.013986,-0.005332,0.004573,-0.006456,-0.014831,-0.015220,0.052465,0.066080,-0.008826,-0.000519,0.006835,-0.004155,0.001278,-0.033731,-0.012017,0.000518,-0.019419,-0.005229,-0.024983,0.029067,-0.008789,0.028579,-0.026809,-0.005259,0.013724,-0.018221,-0.028106,-0.013129,0.011307,-0.020369,0.007088,-0.021827,0.008882,0.019035,0.036784,0.011754,0.002546,0.009350,-0.015502,-0.033471,-0.022953,-0.001323,0.015932,0.016202,-0.002242,0.000640,-0.011142,0.018649,-0.005718,-0.005828,0.000106,-0.009133,-0.032044,0.043320,-0.034443,0.023947,-0.020255,-0.006080,0.008777,-0.022831,-0.014575,-0.016186,0.012584,-0.033229,0.018840,-0.027784,-0.023404,0.030485,0.040056,0.009113,0.030350,0.015571,0.006818,-0.009940,0.003636,-0.006864,-0.031553,-0.010251,-0.014955,0.023501,0.003412,0.050024,-0.010801,0.023541,-0.023141,-0.002085,0.035876,-0.016930,0.021193,0.042866,0.017423,0.002011,0.011037,0.017785,-0.017842,0.004547,-0.037422,-0.012284,0.036218,0.011939,-0.000076,0.021429,-0.002043,0.034780,0.030760,-0.017826,0.012877,-0.040589,0.031364,0.013690,0.005295,-0.041143,0.018884,-0.021953,0.038536,0.012023,0.005143,0.017278,0.007174,0.015614,0.008807,0.026721,-0.025099,-0.001955,-0.016324,-0.028540,-0.002787,-0.024935,-0.041988,0.003278,0.001935,0.011338,0.007002,0.030463,-0.010426,0.011109,0.028869,-0.008207,0.021509,0.039901,-0.017061,-0.007787,0.017814,0.019127,-0.010624,-0.019272,0.015844,-0.000180,-0.009282,0.029485,0.033873,-0.004412,0.011735,0.020001,-0.021337,-0.002577,0.005017,0.00... [truncated]"
time=2026-09-15T00:28:46.497+08:00 level=INFO msg="TagMatch: label=\"歌尔光学\" category=keyword similarity search returned totalCandidates=20 bestSimilarity=0.6898"
time=2026-09-15T00:28:46.498+08:00 level=INFO msg="TagMatch: label=\"歌尔光学\" category=keyword result=no_match reason=below_low_similarity bestSimilarity=0.6898"
time=2026-09-15T00:28:46.498+08:00 level=INFO msg="findOrCreateTag: label=\"歌尔光学\" category=keyword matchType=no_match"
time=2026-09-15T00:28:46.498+08:00 level=INFO msg="findOrCreateTag: label=\"歌尔光学\" category=keyword fallback=create_new"
time=2026-09-15T00:28:48.192+08:00 level=WARN msg="[SLOW SQL] 3145.198ms > 200ms | rows=5849 | SELECT id, merge_embedding FROM \"semantic_labels\" WHERE label_type = 'auxiliary' AND status = 'active' AND merge_embedding IS NOT NULL"
time=2026-09-15T00:28:48.818+08:00 level=WARN msg="auxiliary label dedup gate slow: label=\"检伤分类\" took=4.4174963s (>50ms), review L1/L2 (embedder/merge) performance"
time=2026-09-15T00:28:49.331+08:00 level=INFO msg="Successfully tagged article 128299"
time=2026-09-15T00:28:49.818+08:00 level=WARN msg="event/person extraction: dropping invalid auxiliary labels for \"张一鸣\" (category=person): event/person tags require 3-5 auxiliary labels"
time=2026-09-15T00:28:49.818+08:00 level=INFO msg="findOrCreateTag: start label=\"PICO\" slug=\"pico\" category=keyword source=llm"
time=2026-09-15T00:28:49.818+08:00 level=INFO msg="findOrCreateTag: label=\"PICO\" slug=\"pico\" category=keyword cache=hit existingID=223"
time=2026-09-15T00:28:52.431+08:00 level=WARN msg="[SLOW SQL] 2955.497ms > 200ms | rows=5850 | SELECT id, merge_embedding FROM \"semantic_labels\" WHERE label_type = 'auxiliary' AND status = 'active' AND merge_embedding IS NOT NULL"
time=2026-09-15T00:28:53.028+08:00 level=WARN msg="auxiliary label dedup gate slow: label=\"歌尔光学\" took=4.1723084s (>50ms), review L1/L2 (embedder/merge) performance"
time=2026-09-15T00:28:53.054+08:00 level=INFO msg="findOrCreateTag: start label=\"字节跳动推出实时空间视频AI模型\" slug=\"字节跳动推出实时空间视频ai模型\" category=event source=llm"
time=2026-09-15T00:28:53.054+08:00 level=INFO msg="TagMatch: start label=\"字节跳动推出实时空间视频AI模型\" slug=\"字节跳动推出实时空间视频ai模型\" category=event threshold=0.92"
time=2026-09-15T00:28:53.198+08:00 level=INFO msg="findOrCreateTag: start label=\"AI眼镜用微型显示器\" slug=\"ai眼镜用微型显示器\" category=keyword source=llm"
time=2026-09-15T00:28:53.198+08:00 level=INFO msg="TagMatch: start label=\"AI眼镜用微型显示器\" slug=\"ai眼镜用微型显示器\" category=keyword threshold=0.92"
time=2026-09-15T00:28:53.470+08:00 level=INFO msg="findOrCreateTag: start label=\"歌尔光学新一代光学方案亮相2026光博会\" slug=\"歌尔光学新一代光学方案亮相2026光博会\" category=event source=llm"
time=2026-09-15T00:28:53.470+08:00 level=INFO msg="TagMatch: start label=\"歌尔光学新一代光学方案亮相2026光博会\" slug=\"歌尔光学新一代光学方案亮相2026光博会\" category=event threshold=0.92"
time=2026-09-15T00:28:54.610+08:00 level=WARN msg="[SLOW SQL] 580.439ms > 200ms | rows=20 | \n\t\tSELECT t.id AS tag_id, e.embedding <=> '[-0.000140,0.002331,-0.037772,0.020271,-0.001714,0.029084,0.062533,0.034186,0.046870,-0.003270,0.003907,-0.003083,0.012155,-0.034553,0.035923,-0.028901,-0.031877,-0.055198,0.018204,-0.002576,-0.013990,0.062635,0.033598,0.007729,-0.044510,-0.014482,-0.029998,-0.035432,-0.024220,0.048454,0.003235,-0.037097,0.056772,0.025760,0.003203,-0.006520,0.041679,-0.002688,-0.055613,0.060693,0.016426,-0.010360,0.005991,0.016993,0.000941,0.029011,0.015870,-0.016826,-0.002237,-0.004291,0.002625,0.001763,0.012094,-0.008558,-0.060028,0.054652,0.103116,-0.006702,0.001188,-0.017152,-0.005469,-0.018492,-0.020014,0.006920,0.000307,-0.015010,-0.018227,-0.039993,0.028166,-0.004207,0.039570,-0.040952,-0.015776,0.015511,0.004552,-0.024040,-0.007446,0.018859,-0.020726,0.003107,-0.033763,0.004755,0.030163,0.001954,0.035085,0.008073,0.003303,-0.014341,-0.041274,-0.008724,0.010145,0.017700,0.016619,-0.011556,0.003233,-0.010017,0.007191,-0.003702,-0.019658,0.001016,-0.010491,-0.040409,0.033347,-0.036009,0.032451,-0.020485,-0.001881,0.008913,-0.029208,-0.001536,-0.012455,0.011301,-0.013050,-0.002945,-0.028110,-0.022072,0.029758,0.033787,-0.005467,0.015018,0.020154,0.020431,0.006419,-0.007544,-0.010532,-0.028944,-0.017825,-0.008659,0.014205,0.018253,0.063307,-0.029434,0.008548,-0.017680,0.004909,0.010942,-0.028556,0.021793,0.031673,0.033670,0.007344,0.018700,0.014701,-0.026533,0.001196,-0.018742,-0.007120,0.027189,0.017849,0.008976,0.021702,-0.006367,0.025462,0.039560,-0.021884,0.024248,-0.026246,0.015788,-0.002555,-0.006976,-0.033769,0.010182,0.011859,0.034577,0.009145,-0.007579,0.017192,0.011861,0.013584,0.018743,0.008818,-0.027654,0.016020,-0.008384,-0.038508,-0.015649,-0.023602,-0.047357,-0.002581,-0.012948,0.005397,-0.019749,0.047252,0.010610,0.015257,0.017662,-0.006206,0.026404,0.039972,-0.012792,-0.063649,0.024876,0.004669,-0.007573,-0.011997,0.003461,-0.000315,-0.012511,0.044653,0.015167,0.006722,0.011918,0.029903,-0.004891,-0.002610,0.005640,0.011... [truncated]"
time=2026-09-15T00:28:54.610+08:00 level=WARN msg="[SLOW SQL] 852.926ms > 200ms | rows=20 | \n\t\tSELECT t.id AS tag_id, e.embedding <=> '[-0.000322,-0.011337,-0.038810,-0.017601,-0.002416,0.047166,0.059997,-0.043376,0.045208,0.002475,0.044473,-0.013892,0.010676,-0.026975,0.047702,-0.016941,-0.019526,-0.038030,0.050697,-0.003191,-0.011383,0.042494,0.050613,0.010223,-0.031720,-0.015249,-0.023481,-0.050915,0.004747,0.037752,0.024252,-0.027069,-0.005593,0.024259,0.004887,-0.020115,0.008874,-0.007540,-0.039778,0.040245,0.023093,-0.015161,0.017105,0.017609,-0.025606,0.023794,0.017965,-0.039811,-0.004141,-0.011160,0.004671,0.001036,-0.008992,-0.018313,-0.042617,0.065941,0.084763,-0.007176,0.018775,0.022285,-0.000826,-0.009841,-0.005729,-0.022422,-0.002375,-0.002406,-0.042307,0.015149,0.010776,-0.018617,0.036733,-0.011954,-0.002473,0.016999,0.008007,-0.022107,-0.012681,0.018882,0.035693,-0.020989,-0.031285,-0.008917,0.013550,0.004699,0.018322,-0.004485,0.018026,-0.001167,-0.050194,0.016011,-0.000658,-0.016045,0.004492,0.006059,0.007471,-0.010914,0.006232,-0.008080,-0.011403,-0.000048,-0.007344,-0.020002,0.034990,-0.033354,0.032973,-0.033759,-0.013836,-0.002176,-0.013618,-0.002893,-0.009091,-0.003003,-0.002443,0.050317,-0.015900,-0.012992,-0.003718,0.071676,-0.002212,0.055227,0.001675,0.015163,-0.008701,0.020225,0.019922,-0.079995,-0.018705,0.004615,0.039598,0.006324,0.054633,-0.014116,0.033298,-0.011174,-0.040393,-0.012089,0.013671,0.007539,-0.003578,0.014446,0.005301,0.015155,0.014061,-0.026054,-0.018697,-0.047839,0.002372,-0.014988,0.024266,0.006093,0.012666,-0.002223,0.002114,0.000654,-0.020750,0.004011,-0.042211,0.029155,0.008145,0.017510,0.007221,0.008306,0.011899,0.031054,0.022245,0.012868,0.005616,-0.019522,-0.003178,-0.025040,0.017885,-0.012020,0.024339,-0.006431,-0.019439,-0.021805,-0.020893,-0.042813,-0.019462,-0.011388,-0.026638,-0.021300,0.079132,-0.000286,0.023253,0.003347,0.005634,-0.004286,0.019259,-0.015823,-0.061419,0.034892,0.001691,0.005904,-0.005360,-0.009646,0.005273,-0.027931,0.026496,0.042098,-0.004660,0.016164,-0.022629,0.004233,0.009612,-0.0... [truncated]"
time=2026-09-15T00:28:54.611+08:00 level=INFO msg="TagMatch: label=\"字节跳动推出实时空间视频AI模型\" category=event similarity search returned totalCandidates=20 bestSimilarity=0.8026"
time=2026-09-15T00:28:54.611+08:00 level=INFO msg="TagMatch: label=\"字节跳动推出实时空间视频AI模型\" category=event result=no_match reason=below_low_similarity bestSimilarity=0.8026"
time=2026-09-15T00:28:54.611+08:00 level=INFO msg="findOrCreateTag: label=\"字节跳动推出实时空间视频AI模型\" category=event matchType=no_match"
time=2026-09-15T00:28:54.611+08:00 level=INFO msg="TagMatch: label=\"歌尔光学新一代光学方案亮相2026光博会\" category=event similarity search returned totalCandidates=20 bestSimilarity=0.7555"
time=2026-09-15T00:28:54.611+08:00 level=INFO msg="TagMatch: label=\"歌尔光学新一代光学方案亮相2026光博会\" category=event result=no_match reason=below_low_similarity bestSimilarity=0.7555"
time=2026-09-15T00:28:54.611+08:00 level=INFO msg="findOrCreateTag: label=\"字节跳动推出实时空间视频AI模型\" category=event fallback=create_new"
time=2026-09-15T00:28:54.611+08:00 level=INFO msg="findOrCreateTag: label=\"歌尔光学新一代光学方案亮相2026光博会\" category=event matchType=no_match"
time=2026-09-15T00:28:54.611+08:00 level=INFO msg="findOrCreateTag: label=\"歌尔光学新一代光学方案亮相2026光博会\" category=event fallback=create_new"
time=2026-09-15T00:28:54.773+08:00 level=WARN msg="[SLOW SQL] 1014.407ms > 200ms | rows=20 | \n\t\tSELECT t.id AS tag_id, e.embedding <=> '[-0.000226,-0.008613,-0.024631,-0.004709,-0.001937,0.065098,0.047575,-0.034376,0.055100,0.007388,-0.002865,0.000526,0.012653,-0.073334,0.046296,-0.002166,-0.021127,-0.038375,0.036495,-0.000635,-0.017889,0.036252,0.026004,0.010945,-0.033302,-0.005543,-0.029312,-0.016152,0.003232,0.042342,0.024632,-0.028989,0.056023,0.008827,0.008875,-0.017380,0.019257,-0.003751,-0.055675,0.049993,0.022825,-0.012178,-0.001577,0.021998,0.023365,-0.001690,0.011708,0.002356,0.003785,-0.018090,0.000891,-0.000556,-0.008597,-0.020244,-0.024419,0.070429,0.089521,-0.009578,-0.016421,0.007005,-0.001193,0.002055,-0.029211,-0.011056,-0.003425,-0.016059,-0.016936,-0.004449,0.007192,-0.003482,0.019624,-0.025451,-0.000651,0.027805,0.012916,-0.032779,-0.001113,0.014744,-0.000295,0.015518,-0.032067,-0.006701,0.010673,0.010505,0.033763,0.009720,0.010890,-0.007003,-0.027775,0.015169,-0.005292,-0.007860,0.013411,-0.020062,0.001962,-0.008700,0.008344,-0.007738,0.001798,-0.001848,-0.012203,-0.019982,0.033469,-0.005496,0.016035,-0.018082,0.007612,-0.000992,-0.010708,-0.022746,-0.018502,-0.009966,-0.002888,0.011437,-0.027758,-0.024738,-0.011356,0.045548,0.006693,0.066104,0.004166,0.014849,-0.011017,0.006550,0.019046,-0.038803,-0.018668,0.008807,-0.021336,0.022940,0.062056,0.003919,0.017569,-0.039620,0.018580,-0.008553,0.013708,0.018545,0.006529,0.037462,-0.004604,0.018057,0.015378,-0.009978,-0.035139,-0.027661,-0.009883,0.018965,0.013563,0.006574,0.026883,0.009242,0.017401,0.021725,-0.006675,0.003594,-0.033438,0.022946,0.016172,0.019862,-0.023987,0.012177,-0.025564,0.026925,0.013463,0.024408,0.010367,-0.018457,0.018019,0.004322,0.016578,-0.001215,0.005658,-0.004407,-0.013880,-0.008345,-0.026101,-0.025994,0.009711,0.003929,0.001054,-0.029834,0.035914,-0.003230,0.016861,0.003126,-0.009221,0.022427,0.027992,-0.009995,-0.036866,0.019054,-0.003442,0.000911,-0.020771,0.006609,-0.013720,-0.021212,0.034006,0.024059,0.011197,0.022571,0.031082,-0.008805,0.010357,0.009378,0.0... [truncated]"
time=2026-09-15T00:28:54.775+08:00 level=INFO msg="TagMatch: label=\"AI眼镜用微型显示器\" category=keyword similarity search returned totalCandidates=20 bestSimilarity=0.8512"
time=2026-09-15T00:28:54.775+08:00 level=INFO msg="TagMatch: label=\"AI眼镜用微型显示器\" category=keyword result=no_match reason=below_low_similarity bestSimilarity=0.8512"
time=2026-09-15T00:28:54.775+08:00 level=INFO msg="findOrCreateTag: label=\"AI眼镜用微型显示器\" category=keyword matchType=no_match"
time=2026-09-15T00:28:54.776+08:00 level=INFO msg="findOrCreateTag: label=\"AI眼镜用微型显示器\" category=keyword fallback=create_new"
time=2026-09-15T00:28:54.931+08:00 level=WARN msg="[SLOW SQL] 314.111ms > 200ms | rows=6589 | SELECT id, label, slug, label_type, aliases, ref_count, description, status, protected, source, display_order, created_at, updated_at FROM \"semantic_labels\" WHERE label_type = 'auxiliary' AND status = 'active'"
time=2026-09-15T00:28:56.273+08:00 level=INFO msg="Generated description + 5 keywords for event tag 158458 (歌尔光学新一代光学方案亮相2026光博会): [歌尔光学 2026光博会 AR光学 光波导 新品发布]"
time=2026-09-15T00:28:56.357+08:00 level=INFO msg="Generated description + 5 keywords for event tag 158457 (字节跳动推出实时空间视频AI模型): [字节跳动 张一鸣 实时空间视频 AI模型 谷歌Genie]"
time=2026-09-15T00:28:58.671+08:00 level=WARN msg="[SLOW SQL] 3410.815ms > 200ms | rows=5851 | SELECT id, merge_embedding FROM \"semantic_labels\" WHERE label_type = 'auxiliary' AND status = 'active' AND merge_embedding IS NOT NULL"
time=2026-09-15T00:28:59.167+08:00 level=WARN msg="auxiliary label dedup gate slow: label=\"2026光博会\" took=4.2355686s (>50ms), review L1/L2 (embedder/merge) performance"
time=2026-09-15T00:28:59.169+08:00 level=WARN msg="auxiliary label dedup gate slow: label=\"谷歌Genie\" took=4.2360172s (>50ms), review L1/L2 (embedder/merge) performance"
time=2026-09-15T00:28:59.169+08:00 level=WARN msg="auxiliary label dedup gate slow: label=\"AI眼镜用微型显示器\" took=4.2383721s (>50ms), review L1/L2 (embedder/merge) performance"
time=2026-09-15T00:28:59.813+08:00 level=INFO msg="findOrCreateTag: start label=\"OLEDoS面板\" slug=\"oledos面板\" category=keyword source=llm"
time=2026-09-15T00:28:59.814+08:00 level=INFO msg="TagMatch: start label=\"OLEDoS面板\" slug=\"oledos面板\" category=keyword threshold=0.92"
time=2026-09-15T00:29:01.518+08:00 level=WARN msg="[SLOW SQL] 1243.899ms > 200ms | rows=20 | \n\t\tSELECT t.id AS tag_id, e.embedding <=> '[-0.000357,-0.011774,-0.064713,0.011207,-0.002981,0.061514,0.060035,-0.018203,0.058439,0.002950,0.008823,-0.044072,0.012691,-0.055385,0.091774,-0.017590,-0.013293,-0.028011,-0.022324,-0.002487,-0.021187,0.019491,0.065301,0.004732,-0.048333,-0.020415,-0.028500,0.123118,0.017711,0.038230,0.011208,-0.041362,0.046510,0.029962,0.006233,-0.024304,0.020716,-0.001767,-0.047191,0.060522,0.030815,-0.010202,0.001755,0.023764,0.026618,0.021562,0.014939,0.022247,-0.012869,-0.022681,0.001835,0.001558,0.004310,-0.024199,0.001814,0.031690,0.114992,-0.006650,-0.010547,-0.017782,-0.011977,0.006943,-0.014114,-0.029019,-0.000157,-0.027958,-0.010333,0.035982,0.025149,-0.011823,0.023327,-0.030590,-0.020695,0.031305,-0.014615,-0.039532,-0.010481,0.018562,-0.003533,0.002175,-0.014649,0.002914,0.020276,0.055851,0.020752,0.017226,-0.000969,-0.002852,-0.008820,-0.001726,-0.003983,0.017144,-0.008358,-0.014487,0.000804,-0.012685,0.024663,-0.016830,-0.000706,0.004684,-0.008692,-0.035990,0.030699,-0.012050,0.019173,-0.029569,-0.011304,-0.000534,0.010490,0.004306,-0.010658,-0.008498,0.004922,0.000277,-0.018515,-0.032427,0.017633,0.055961,0.004438,0.095510,0.001195,0.033179,-0.011805,0.018637,0.007448,-0.028702,-0.007732,0.000394,-0.003851,0.014097,0.034366,-0.012804,0.021877,-0.006874,0.010760,0.020796,0.007267,0.010175,-0.004389,0.020961,0.002924,0.025558,0.002816,-0.000133,-0.014320,-0.028543,-0.000208,0.012676,0.015847,-0.002665,0.019181,0.003712,0.023916,0.014800,0.001647,0.024517,-0.008996,0.049422,0.006390,0.024951,-0.040706,0.015531,-0.012052,0.036874,0.009414,-0.005120,0.025060,-0.004577,0.026289,-0.032434,0.027201,-0.024637,0.000178,-0.005283,0.003569,-0.005492,-0.025871,0.009454,-0.002339,0.012362,0.005165,-0.002210,0.036431,-0.003632,0.010625,0.018620,-0.000123,0.007139,0.024213,-0.019294,-0.039290,-0.003180,-0.007708,-0.004387,-0.012834,0.008518,0.000514,-0.027448,-0.001554,0.029157,-0.006256,0.005049,0.012885,-0.018412,0.011961,-0.024457,0.01... [truncated]"
time=2026-09-15T00:29:01.524+08:00 level=INFO msg="TagMatch: label=\"OLEDoS面板\" category=keyword similarity search returned totalCandidates=20 bestSimilarity=0.7468"
time=2026-09-15T00:29:01.524+08:00 level=INFO msg="TagMatch: label=\"OLEDoS面板\" category=keyword result=no_match reason=below_low_similarity bestSimilarity=0.7468"
time=2026-09-15T00:29:01.524+08:00 level=INFO msg="findOrCreateTag: label=\"OLEDoS面板\" category=keyword matchType=no_match"
time=2026-09-15T00:29:01.525+08:00 level=INFO msg="findOrCreateTag: label=\"OLEDoS面板\" category=keyword fallback=create_new"
time=2026-09-15T00:29:03.136+08:00 level=WARN msg="[SLOW SQL] 3102.905ms > 200ms | rows=5853 | SELECT id, merge_embedding FROM \"semantic_labels\" WHERE label_type = 'auxiliary' AND status = 'active' AND merge_embedding IS NOT NULL"
time=2026-09-15T00:29:03.616+08:00 level=WARN msg="auxiliary label dedup gate slow: label=\"歌尔光学新一代光学方案\" took=4.0085247s (>50ms), review L1/L2 (embedder/merge) performance"
time=2026-09-15T00:29:03.616+08:00 level=WARN msg="auxiliary label dedup gate slow: label=\"实时空间视频AI模型\" took=3.729932s (>50ms), review L1/L2 (embedder/merge) performance"
time=2026-09-15T00:29:03.738+08:00 level=WARN msg="auxiliary label dedup gate slow: label=\"OLEDoS面板\" took=137.4629ms (>50ms), review L1/L2 (embedder/merge) performance"
time=2026-09-15T00:29:03.974+08:00 level=INFO msg="findOrCreateTag: start label=\"实时空间视频AI模型\" slug=\"实时空间视频ai模型\" category=keyword source=llm"
time=2026-09-15T00:29:03.975+08:00 level=INFO msg="TagMatch: start label=\"实时空间视频AI模型\" slug=\"实时空间视频ai模型\" category=keyword threshold=0.92"
time=2026-09-15T00:29:04.419+08:00 level=INFO msg="findOrCreateTag: start label=\"三星启动带屏AI眼镜研发项目\" slug=\"三星启动带屏ai眼镜研发项目\" category=event source=llm"
time=2026-09-15T00:29:04.419+08:00 level=INFO msg="TagMatch: start label=\"三星启动带屏AI眼镜研发项目\" slug=\"三星启动带屏ai眼镜研发项目\" category=event threshold=0.92"
time=2026-09-15T00:29:05.708+08:00 level=WARN msg="[SLOW SQL] 878.052ms > 200ms | rows=20 | \n\t\tSELECT t.id AS tag_id, e.embedding <=> '[-0.000276,-0.022126,-0.044687,-0.003111,-0.002049,0.054452,0.038627,-0.009606,0.048800,-0.004673,0.018470,-0.037419,0.010210,-0.060298,0.077275,-0.022910,-0.013060,-0.048841,0.044906,-0.002096,-0.011748,0.033838,0.057029,-0.007279,-0.011715,0.017105,-0.028609,-0.008791,-0.007871,0.054321,0.013767,-0.046299,0.061245,0.010184,0.004513,-0.020772,0.029729,-0.003242,-0.007726,0.082775,0.025484,0.000168,0.008277,0.012687,-0.016459,-0.002779,0.019344,-0.001421,-0.013077,-0.025693,0.010040,-0.002177,-0.033114,-0.017212,-0.031415,0.068329,0.110160,-0.010257,-0.013409,0.043099,-0.010454,-0.018434,-0.017368,-0.007496,-0.002635,-0.012725,-0.020129,-0.006546,0.008807,0.011359,-0.015261,-0.028338,-0.002108,0.030821,0.015485,-0.031913,-0.007570,0.027788,-0.000208,0.005390,-0.042485,0.001710,0.028693,0.018581,0.035330,0.006913,0.008062,-0.002839,-0.039188,0.025789,-0.001862,-0.003883,0.019479,-0.024150,0.012247,-0.002488,0.020401,-0.017195,-0.015699,-0.001427,-0.014903,-0.021430,0.027509,-0.015038,0.014745,-0.018471,-0.020901,-0.002846,0.005693,0.014574,-0.001990,-0.000913,0.021951,0.009462,-0.013291,-0.018676,0.010361,0.040620,0.007802,0.058721,-0.005139,0.017878,-0.003549,0.018094,0.009275,-0.013010,-0.029562,0.000990,-0.006532,0.036055,0.048167,-0.001944,0.019029,-0.012517,-0.006934,-0.005836,0.016461,0.020541,-0.005170,0.022434,0.001953,0.039775,0.009888,0.002721,-0.015488,-0.027939,0.003547,0.023159,0.005517,0.009764,0.015081,0.007154,-0.006197,0.011520,-0.018906,-0.009853,-0.032135,0.012978,0.031435,0.021839,0.006539,0.007755,-0.006311,0.051519,0.007288,0.018360,0.017472,-0.001405,-0.011583,0.003164,0.002866,-0.022951,0.010529,0.000542,-0.020349,-0.010255,-0.029225,-0.023422,0.000003,-0.010482,-0.004967,-0.039247,0.030421,-0.005062,0.003536,-0.014573,-0.003564,0.001611,0.021444,-0.000186,-0.038584,0.012166,0.002221,0.020293,-0.019728,0.000315,-0.008330,-0.011632,0.016431,0.032090,-0.012334,0.026477,0.001528,-0.011625,-0.008898,-0.00... [truncated]"
time=2026-09-15T00:29:05.709+08:00 level=INFO msg="TagMatch: label=\"三星启动带屏AI眼镜研发项目\" category=event similarity search returned totalCandidates=20 bestSimilarity=0.7476"
time=2026-09-15T00:29:05.709+08:00 level=INFO msg="TagMatch: label=\"三星启动带屏AI眼镜研发项目\" category=event result=no_match reason=below_low_similarity bestSimilarity=0.7476"
time=2026-09-15T00:29:05.709+08:00 level=INFO msg="findOrCreateTag: label=\"三星启动带屏AI眼镜研发项目\" category=event matchType=no_match"
time=2026-09-15T00:29:05.710+08:00 level=INFO msg="findOrCreateTag: label=\"三星启动带屏AI眼镜研发项目\" category=event fallback=create_new"
time=2026-09-15T00:29:05.833+08:00 level=WARN msg="[SLOW SQL] 1206.374ms > 200ms | rows=20 | \n\t\tSELECT t.id AS tag_id, e.embedding <=> '[-0.000180,-0.001539,-0.030377,-0.023429,-0.001935,0.054594,0.048671,-0.006440,0.057459,-0.025928,0.032568,0.001505,0.009990,-0.051792,0.077674,-0.011391,-0.023571,-0.027428,0.077222,-0.001670,-0.017923,0.028933,0.032835,0.042082,-0.037756,-0.028170,-0.024860,0.028136,-0.000175,0.013547,0.017889,-0.032766,0.015084,0.016128,0.006820,-0.030866,0.015216,-0.006053,-0.069464,0.039895,0.021479,-0.022883,0.028594,0.017431,0.017287,0.012073,0.023537,-0.024731,0.008877,-0.010659,0.000487,-0.002221,-0.012459,-0.017185,-0.013136,0.048270,0.110605,-0.013650,0.001331,0.005773,-0.006409,-0.012919,-0.017646,-0.016694,-0.002460,-0.012756,-0.030029,-0.005522,0.018791,-0.012886,0.045014,-0.019614,0.003763,0.022596,0.005494,-0.028182,-0.009299,0.019259,0.025691,0.000031,-0.041062,0.001446,0.030125,0.009931,0.025651,-0.004345,0.017517,-0.003355,-0.038317,0.008721,-0.007083,-0.046351,-0.007335,-0.023919,0.002291,-0.010422,0.014629,-0.008715,-0.000061,0.000615,-0.008805,-0.015148,0.028632,-0.014996,0.042254,-0.031622,-0.002859,-0.016484,-0.009248,-0.006036,-0.001838,-0.000797,-0.004532,0.031319,-0.012243,-0.012513,-0.013576,0.061194,-0.008147,0.082553,-0.001338,0.021479,-0.013294,0.004441,0.021444,-0.079443,-0.016465,0.008785,0.026589,0.008643,0.044905,-0.037845,0.017977,-0.017123,-0.008385,-0.026037,0.018860,0.016415,0.016800,0.021527,-0.001901,0.023859,0.016778,-0.040977,-0.014547,-0.047356,-0.008719,-0.012045,0.012338,0.007550,0.027308,-0.003758,0.014009,0.013413,-0.006200,0.016788,-0.029737,0.023087,0.015907,0.020819,-0.022144,0.015473,0.001009,0.020612,0.015543,0.019749,0.030620,-0.000678,0.006071,-0.013020,0.018873,-0.023662,0.014709,-0.008333,-0.014024,-0.004881,-0.027038,-0.029510,-0.003905,-0.008570,-0.001131,-0.008138,0.082578,-0.000920,0.019177,0.000687,-0.004267,0.007996,0.019174,-0.013914,-0.070987,0.046694,-0.015000,0.004529,-0.015958,-0.009001,0.000915,-0.054695,0.027107,0.037183,0.009816,0.008874,0.000752,-0.004797,0.009127,-0.00... [truncated]"
time=2026-09-15T00:29:05.835+08:00 level=INFO msg="TagMatch: label=\"实时空间视频AI模型\" category=keyword similarity search returned totalCandidates=20 bestSimilarity=0.8369"
time=2026-09-15T00:29:05.835+08:00 level=INFO msg="TagMatch: label=\"实时空间视频AI模型\" category=keyword result=no_match reason=below_low_similarity bestSimilarity=0.8369"
time=2026-09-15T00:29:05.835+08:00 level=INFO msg="findOrCreateTag: label=\"实时空间视频AI模型\" category=keyword matchType=no_match"
time=2026-09-15T00:29:05.836+08:00 level=INFO msg="findOrCreateTag: label=\"实时空间视频AI模型\" category=keyword fallback=create_new"
time=2026-09-15T00:29:07.116+08:00 level=INFO msg="Generated description + 5 keywords for event tag 158461 (三星启动带屏AI眼镜研发项目): [三星 AI眼镜 研发 显示屏 2027年]"
time=2026-09-15T00:29:08.071+08:00 level=WARN msg="[SLOW SQL] 3446.844ms > 200ms | rows=5857 | SELECT id, merge_embedding FROM \"semantic_labels\" WHERE label_type = 'auxiliary' AND status = 'active' AND merge_embedding IS NOT NULL"
time=2026-09-15T00:29:08.614+08:00 level=WARN msg="auxiliary label dedup gate slow: label=\"AR/VR/MR光学新品\" took=4.5787179s (>50ms), review L1/L2 (embedder/merge) performance"
time=2026-09-15T00:29:08.668+08:00 level=INFO msg="findOrCreateTag: start label=\"张一鸣\" slug=\"张一鸣\" category=person source=llm"
time=2026-09-15T00:29:08.668+08:00 level=INFO msg="TagMatch: start label=\"张一鸣\" slug=\"张一鸣\" category=person threshold=0.92"
time=2026-09-15T00:29:09.374+08:00 level=INFO msg="TagMatch: label=\"张一鸣\" category=person similarity search returned totalCandidates=20 bestSimilarity=0.7847"
time=2026-09-15T00:29:09.374+08:00 level=INFO msg="TagMatch: label=\"张一鸣\" category=person result=no_match reason=below_low_similarity bestSimilarity=0.7847"
time=2026-09-15T00:29:09.374+08:00 level=INFO msg="findOrCreateTag: label=\"张一鸣\" category=person matchType=no_match"
time=2026-09-15T00:29:09.375+08:00 level=INFO msg="findOrCreateTag: label=\"张一鸣\" category=person fallback=create_new"
time=2026-09-15T00:29:09.384+08:00 level=INFO msg="findOrCreateTag: start label=\"谷歌Genie\" slug=\"谷歌genie\" category=keyword source=llm"
time=2026-09-15T00:29:09.384+08:00 level=INFO msg="TagMatch: start label=\"谷歌Genie\" slug=\"谷歌genie\" category=keyword threshold=0.92"
time=2026-09-15T00:29:10.709+08:00 level=WARN msg="[SLOW SQL] 1190.510ms > 200ms | rows=20 | \n\t\tSELECT t.id AS tag_id, e.embedding <=> '[0.000113,0.040983,-0.034969,-0.006300,-0.000744,0.045366,0.073915,-0.002931,0.051143,-0.017229,0.011590,-0.015765,0.014141,-0.009045,0.037889,-0.029360,-0.024163,-0.023495,0.004611,-0.006491,-0.014920,0.029259,0.065899,0.032927,-0.026205,-0.019364,-0.028381,0.042426,-0.003611,0.025138,0.049816,-0.027152,0.048161,0.002238,0.005139,-0.016030,0.009963,-0.002929,-0.027384,0.022748,0.026536,-0.038777,0.034358,0.010070,-0.020887,0.022859,0.013839,0.037787,-0.011416,-0.023458,-0.000320,-0.003252,-0.017964,-0.017694,0.013567,0.028060,0.066006,-0.017982,-0.014852,0.016513,-0.008054,0.009647,-0.032705,-0.018367,-0.003302,-0.024067,-0.023851,0.036821,0.023020,0.001672,0.012692,-0.010904,0.005958,0.019008,0.002938,-0.025098,-0.017827,0.004979,0.007099,0.024497,-0.027461,-0.008286,0.013428,0.042948,0.050399,0.011830,0.007463,-0.019016,-0.033278,0.005704,-0.000812,0.006464,0.041406,-0.007960,0.009526,0.008117,0.016265,-0.011362,0.005541,0.014139,-0.021403,-0.036415,0.063500,-0.004859,0.021402,-0.022488,-0.001170,0.019203,-0.011399,-0.006287,-0.018504,0.045163,-0.008047,0.018617,0.002411,-0.007577,0.016974,0.050995,0.007773,0.064414,0.001061,0.006833,-0.004855,-0.001162,0.003269,-0.022606,-0.015347,0.005686,-0.006076,0.025604,0.050821,0.003370,-0.016475,-0.001685,-0.026661,0.039517,-0.013422,0.029960,0.013950,0.012940,0.002386,0.027353,-0.006177,0.008630,-0.007699,-0.038783,0.015861,0.032516,0.009098,0.022780,0.018224,0.003563,0.014257,0.026663,-0.024947,0.007448,-0.018557,-0.003892,0.007594,0.027475,-0.015613,0.013809,-0.028066,0.056094,0.013888,0.005007,0.023884,0.004934,0.026074,0.018018,0.032602,-0.023884,0.003203,-0.012727,-0.023247,-0.001227,-0.011691,0.005812,-0.008498,0.026296,-0.001081,-0.004888,0.027464,-0.003193,0.004081,0.003159,-0.013509,0.013985,0.014980,-0.008527,-0.020409,0.019718,-0.005903,-0.006211,-0.021806,-0.001281,-0.011201,-0.021399,-0.008704,0.016750,0.002316,0.031439,0.001122,-0.020542,0.002721,0.009269,0.010468,... [truncated]"
time=2026-09-15T00:29:10.712+08:00 level=INFO msg="TagMatch: label=\"谷歌Genie\" category=keyword similarity search returned totalCandidates=20 bestSimilarity=0.7743"
time=2026-09-15T00:29:10.713+08:00 level=INFO msg="TagMatch: label=\"谷歌Genie\" category=keyword result=no_match reason=below_low_similarity bestSimilarity=0.7743"
time=2026-09-15T00:29:10.713+08:00 level=INFO msg="findOrCreateTag: label=\"谷歌Genie\" category=keyword matchType=no_match"
time=2026-09-15T00:29:10.714+08:00 level=INFO msg="findOrCreateTag: label=\"谷歌Genie\" category=keyword fallback=create_new"
time=2026-09-15T00:29:12.207+08:00 level=WARN msg="[SLOW SQL] 3040.083ms > 200ms | rows=5855 | SELECT id, merge_embedding FROM \"semantic_labels\" WHERE label_type = 'auxiliary' AND status = 'active' AND merge_embedding IS NOT NULL"
time=2026-09-15T00:29:12.762+08:00 level=WARN msg="auxiliary label dedup gate slow: label=\"三星显示\" took=4.1018793s (>50ms), review L1/L2 (embedder/merge) performance"
time=2026-09-15T00:29:12.762+08:00 level=WARN msg="auxiliary label dedup gate slow: label=\"深圳国际会展中心\" took=3.7121186s (>50ms), review L1/L2 (embedder/merge) performance"
time=2026-09-15T00:29:12.772+08:00 level=INFO msg="Successfully tagged article 128302"
time=2026-09-15T00:29:13.370+08:00 level=INFO msg="findOrCreateTag: start label=\"纳米压印\" slug=\"纳米压印\" category=keyword source=llm"
time=2026-09-15T00:29:13.370+08:00 level=INFO msg="TagMatch: start label=\"纳米压印\" slug=\"纳米压印\" category=keyword threshold=0.92"
time=2026-09-15T00:29:15.023+08:00 level=WARN msg="[SLOW SQL] 1291.826ms > 200ms | rows=20 | \n\t\tSELECT t.id AS tag_id, e.embedding <=> '[0.000040,-0.017249,-0.051579,-0.012121,-0.001413,0.049695,0.034089,-0.021060,0.052659,0.033135,-0.002111,-0.028212,0.014171,-0.041212,0.038369,-0.031451,0.001499,-0.038856,0.036442,-0.002167,-0.015298,0.025706,-0.003824,0.030070,-0.072837,-0.008248,-0.029620,-0.009434,0.024231,-0.001286,0.041394,-0.037684,0.032801,0.023597,0.005325,-0.024800,0.013884,-0.004831,-0.042734,0.021306,-0.000623,-0.029906,0.021301,-0.001698,0.016447,0.010691,0.001293,0.012535,-0.003018,-0.019420,0.017035,0.003965,0.011678,-0.011983,-0.025507,0.048678,0.099542,-0.006178,-0.024066,0.063767,-0.005557,0.027435,-0.054275,-0.013188,0.001303,-0.013951,0.013149,-0.024312,0.014826,0.015131,0.009504,-0.033792,0.004054,-0.008513,-0.027787,-0.027503,0.001762,0.009286,0.005777,0.007109,-0.041776,0.001151,0.021705,0.015690,0.026127,0.003910,0.004507,-0.000345,-0.021075,0.039827,-0.016485,0.012205,0.001832,0.047209,0.002329,-0.008665,0.001430,-0.004212,0.002801,0.002482,-0.005979,-0.024821,0.044458,-0.001506,0.042012,-0.042285,0.015382,0.002082,-0.009140,-0.006564,-0.024499,0.005146,-0.010181,0.036675,-0.008054,-0.027199,0.009610,-0.013559,-0.013119,0.102383,0.002847,0.001318,-0.017075,0.039727,0.016330,-0.025942,-0.012462,0.005130,0.022065,0.011703,0.038976,0.003559,-0.028302,-0.030956,0.027363,-0.005314,-0.013979,0.023360,-0.002018,0.009648,-0.008000,0.025460,0.013705,-0.008463,-0.006241,-0.039629,0.002702,0.002963,0.012977,0.013083,0.026466,0.012903,0.003341,0.026088,0.001543,-0.002764,-0.039869,0.017449,0.001855,0.002825,-0.011789,0.009486,-0.035027,0.014397,0.023490,0.010220,-0.002179,0.006871,0.005014,0.003900,0.016705,-0.029045,0.007907,-0.008219,-0.029017,-0.029042,-0.005582,-0.027483,0.009129,0.013847,-0.005776,-0.013344,0.022429,0.006571,0.004836,0.005893,0.002250,0.010366,0.010129,-0.005174,-0.014961,0.036652,0.005992,-0.008164,-0.010352,-0.006303,-0.009374,-0.000213,0.017357,0.035942,0.028292,0.033999,0.048349,-0.008960,-0.002908,0.003043,0.010052,-... [truncated]"
time=2026-09-15T00:29:15.025+08:00 level=INFO msg="TagMatch: label=\"纳米压印\" category=keyword similarity search returned totalCandidates=20 bestSimilarity=0.6746"
time=2026-09-15T00:29:15.025+08:00 level=INFO msg="TagMatch: label=\"纳米压印\" category=keyword result=no_match reason=below_low_similarity bestSimilarity=0.6746"
time=2026-09-15T00:29:15.025+08:00 level=INFO msg="findOrCreateTag: label=\"纳米压印\" category=keyword matchType=no_match"
time=2026-09-15T00:29:15.025+08:00 level=INFO msg="findOrCreateTag: label=\"纳米压印\" category=keyword fallback=create_new"
time=2026-09-15T00:29:16.561+08:00 level=INFO msg="findOrCreateTag: start label=\"iPhone Duo\" slug=\"iphone duo\" category=keyword source=llm"
time=2026-09-15T00:29:16.562+08:00 level=INFO msg="TagMatch: start label=\"iPhone Duo\" slug=\"iphone duo\" category=keyword threshold=0.92"
time=2026-09-15T00:29:16.562+08:00 level=INFO msg="TagMatch: label=\"iPhone Duo\" category=keyword result=exact reason=slug existingID=154050 existingLabel=\"iPhone Duo\""
time=2026-09-15T00:29:16.565+08:00 level=INFO msg="findOrCreateTag: label=\"iPhone Duo\" category=keyword matchType=exact existingID=154050 existingLabel=\"iPhone Duo\""
time=2026-09-15T00:29:16.851+08:00 level=WARN msg="[SLOW SQL] 3343.739ms > 200ms | rows=5860 | SELECT id, merge_embedding FROM \"semantic_labels\" WHERE label_type = 'auxiliary' AND status = 'active' AND merge_embedding IS NOT NULL"
time=2026-09-15T00:29:17.317+08:00 level=WARN msg="auxiliary label dedup gate slow: label=\"带屏AI眼镜\" took=4.2664944s (>50ms), review L1/L2 (embedder/merge) performance"
time=2026-09-15T00:29:17.392+08:00 level=INFO msg="findOrCreateTag: start label=\"visionOS\" slug=\"visionos\" category=keyword source=llm"
time=2026-09-15T00:29:17.392+08:00 level=INFO msg="TagMatch: start label=\"visionOS\" slug=\"visionos\" category=keyword threshold=0.92"
time=2026-09-15T00:29:17.671+08:00 level=INFO msg="[tracing] scheduler \"Auto Refresh\" tick: tracing not recording"
time=2026-09-15T00:29:17.675+08:00 level=INFO msg="[tracing] scheduler \"Content Completion\" tick: tracing not recording"
time=2026-09-15T00:29:17.675+08:00 level=INFO msg="Auto Refresh: triggered 0 feeds (scanned=23, due=0, stale_reset=0)"
time=2026-09-15T00:29:17.904+08:00 level=INFO msg="Content Completion: no pending content to complete"
time=2026-09-15T00:29:18.856+08:00 level=WARN msg="[SLOW SQL] 1057.809ms > 200ms | rows=20 | \n\t\tSELECT t.id AS tag_id, e.embedding <=> '[0.000006,0.042130,-0.005550,-0.003273,-0.001154,0.055096,0.062981,-0.072161,0.051580,0.004559,0.013128,-0.020452,0.012795,-0.063612,0.004337,-0.035793,-0.020133,-0.038324,-0.055302,-0.001964,-0.019885,0.012264,0.039322,0.028511,-0.007538,-0.017419,-0.027857,0.094695,-0.012516,-0.002447,0.015059,-0.022351,0.020185,0.015766,0.006137,-0.036769,-0.009810,0.000453,-0.005442,0.038360,0.019456,-0.011152,0.017155,0.019929,-0.034061,0.017152,0.015865,0.027211,-0.007361,-0.023494,0.001014,-0.001915,-0.012142,-0.022409,-0.000244,0.005587,0.080053,-0.011950,-0.025200,0.046705,-0.002647,0.018949,-0.037622,-0.013154,-0.000496,-0.010616,-0.008948,-0.011270,0.027417,-0.005898,0.028456,0.008962,-0.017607,0.010117,-0.011005,-0.038617,-0.015143,0.001427,-0.007872,0.001277,-0.021975,-0.010234,0.029654,0.052645,0.033472,0.028222,-0.009375,-0.009360,-0.020071,0.007841,-0.004249,-0.014362,-0.001362,-0.012073,0.002790,-0.003068,-0.004529,-0.013351,0.002101,0.007298,-0.006038,-0.027144,0.041420,-0.023908,0.002657,-0.036097,0.000723,-0.004336,-0.006109,0.001660,-0.004725,-0.001261,0.004278,0.027973,-0.022041,-0.023001,0.010851,0.030964,-0.003892,0.093195,-0.011077,0.028373,-0.025405,0.004216,0.004998,-0.042666,-0.008415,-0.011076,-0.002975,0.021785,0.032587,-0.002722,0.025570,-0.017590,0.011377,0.000184,-0.005903,0.001610,0.017535,0.016679,0.003062,0.019345,0.004473,0.022442,-0.003589,-0.012218,0.005807,-0.013109,0.019895,-0.003679,0.024162,-0.001322,0.040819,0.020511,0.001930,0.019616,-0.016199,0.019841,0.012317,0.007529,-0.029165,0.022047,-0.014598,0.013303,0.004794,0.012650,0.007193,0.009083,0.022196,-0.014973,0.013397,-0.029989,-0.003099,-0.010096,-0.024472,0.007421,-0.012920,-0.019021,0.000757,-0.006019,0.009413,-0.016647,0.012509,-0.014499,0.007888,0.005732,-0.001488,0.013159,0.019812,0.002996,-0.032243,0.029582,0.003173,-0.014454,-0.019698,-0.002358,-0.005869,-0.030155,0.022560,0.038917,0.006065,0.012753,0.012868,-0.017847,0.004578,-0.010439... [truncated]"
time=2026-09-15T00:29:18.860+08:00 level=INFO msg="TagMatch: label=\"visionOS\" category=keyword similarity search returned totalCandidates=20 bestSimilarity=0.7595"
time=2026-09-15T00:29:18.860+08:00 level=INFO msg="TagMatch: label=\"visionOS\" category=keyword result=no_match reason=below_low_similarity bestSimilarity=0.7595"
time=2026-09-15T00:29:18.860+08:00 level=INFO msg="findOrCreateTag: label=\"visionOS\" category=keyword matchType=no_match"
time=2026-09-15T00:29:18.861+08:00 level=INFO msg="findOrCreateTag: label=\"visionOS\" category=keyword fallback=create_new"
time=2026-09-15T00:29:20.819+08:00 level=WARN msg="[SLOW SQL] 3026.947ms > 200ms | rows=5859 | SELECT id, merge_embedding FROM \"semantic_labels\" WHERE label_type = 'auxiliary' AND status = 'active' AND merge_embedding IS NOT NULL"
time=2026-09-15T00:29:21.321+08:00 level=WARN msg="auxiliary label dedup gate slow: label=\"纳米压印\" took=3.9436923s (>50ms), review L1/L2 (embedder/merge) performance"
time=2026-09-15T00:29:21.321+08:00 level=WARN msg="auxiliary label dedup gate slow: label=\"OLEDoS或LEDoS\" took=3.6539927s (>50ms), review L1/L2 (embedder/merge) performance"
time=2026-09-15T00:29:21.328+08:00 level=INFO msg="findOrCreateTag: start label=\"苹果公司\" slug=\"苹果公司\" category=keyword source=llm"
time=2026-09-15T00:29:21.328+08:00 level=INFO msg="TagMatch: start label=\"苹果公司\" slug=\"苹果公司\" category=keyword threshold=0.92"
time=2026-09-15T00:29:21.690+08:00 level=INFO msg="Successfully tagged article 128301"
time=2026-09-15T00:29:22.967+08:00 level=WARN msg="[SLOW SQL] 1284.628ms > 200ms | rows=20 | \n\t\tSELECT t.id AS tag_id, e.embedding <=> '[-0.000054,0.036704,0.021540,-0.008251,-0.001729,0.044069,0.060556,-0.049186,0.051215,-0.013853,0.019552,-0.008394,0.013443,-0.066348,-0.009542,-0.032358,-0.023399,-0.046991,0.008050,-0.003275,-0.013679,0.024524,0.059799,0.040432,-0.021101,-0.031839,-0.026033,-0.019810,-0.034682,0.017792,0.029541,-0.039521,-0.007386,0.030980,0.004913,-0.026388,-0.010490,0.000646,-0.043311,0.040420,0.024487,-0.032689,0.020532,0.024439,-0.047471,-0.004084,0.017042,0.030706,0.011927,-0.030843,0.003614,0.001044,-0.012036,-0.025957,-0.005142,0.019258,0.089018,-0.014658,-0.004169,0.025530,-0.008010,-0.020742,-0.029344,-0.018693,-0.003383,-0.022611,-0.028926,-0.018050,0.023986,0.021799,-0.007475,0.006873,-0.018894,0.005760,-0.006176,-0.031859,-0.018036,0.003000,-0.003814,0.001626,-0.036099,-0.004194,0.021438,0.041147,0.029450,0.023522,-0.001997,-0.015868,-0.000680,-0.003557,0.003383,-0.003452,-0.002358,0.001275,0.008286,-0.002135,0.011599,-0.006582,-0.009939,0.006516,-0.015969,-0.031376,0.044845,-0.018229,-0.021717,-0.038965,-0.023890,-0.011325,-0.004883,0.000104,-0.003666,-0.004575,0.002433,0.036574,-0.005309,-0.026202,-0.004844,0.031170,-0.005976,0.053173,-0.003079,0.023216,-0.014503,0.014642,-0.008558,-0.038470,-0.002739,-0.004392,-0.003314,0.004075,0.047505,-0.016294,0.013196,-0.023023,-0.004610,0.020578,-0.006965,0.007671,0.007005,0.013577,0.002145,0.025622,-0.001702,0.003662,-0.011487,-0.035522,-0.005045,0.009368,0.028168,0.002229,0.014226,-0.003087,0.015508,0.027323,0.007981,0.010297,-0.024693,0.027581,0.024697,0.026195,-0.015974,0.004050,-0.036899,0.050916,0.007830,0.030477,0.023989,-0.003215,0.003475,-0.004950,0.020843,-0.021118,-0.017740,-0.004537,-0.011223,-0.013280,-0.015938,-0.027888,-0.000940,-0.008481,0.002968,0.002454,0.002304,-0.013661,0.020895,-0.000497,0.000242,-0.001689,0.002466,-0.009903,-0.042462,0.020928,0.001592,0.006243,-0.024178,-0.007841,0.007235,-0.007920,0.000162,0.034089,-0.009849,0.010622,0.003788,-0.016560,0.006294,... [truncated]"
time=2026-09-15T00:29:22.971+08:00 level=INFO msg="TagMatch: label=\"苹果公司\" category=keyword similarity search returned totalCandidates=20 bestSimilarity=0.8201"
time=2026-09-15T00:29:22.972+08:00 level=INFO msg="TagMatch: label=\"苹果公司\" category=keyword result=no_match reason=below_low_similarity bestSimilarity=0.8201"
time=2026-09-15T00:29:22.972+08:00 level=INFO msg="findOrCreateTag: label=\"苹果公司\" category=keyword matchType=no_match"
time=2026-09-15T00:29:22.972+08:00 level=INFO msg="findOrCreateTag: label=\"苹果公司\" category=keyword fallback=create_new"
time=2026-09-15T00:29:25.125+08:00 level=INFO msg="findOrCreateTag: start label=\"PICO 头显\" slug=\"pico 头显\" category=keyword source=llm"
time=2026-09-15T00:29:25.126+08:00 level=INFO msg="findOrCreateTag: label=\"PICO 头显\" slug=\"pico 头显\" category=keyword cache=hit existingID=337"
time=2026-09-15T00:29:25.209+08:00 level=WARN msg="[SLOW SQL] 3403.111ms > 200ms | rows=5863 | SELECT id, merge_embedding FROM \"semantic_labels\" WHERE label_type = 'auxiliary' AND status = 'active' AND merge_embedding IS NOT NULL"
time=2026-09-15T00:29:25.687+08:00 level=WARN msg="auxiliary label dedup gate slow: label=\"The Elec\" took=4.0136331s (>50ms), review L1/L2 (embedder/merge) performance"
time=2026-09-15T00:29:25.752+08:00 level=INFO msg="findOrCreateTag: start label=\"VR 筛查\" slug=\"vr 筛查\" category=keyword source=llm"
time=2026-09-15T00:29:25.752+08:00 level=INFO msg="TagMatch: start label=\"VR 筛查\" slug=\"vr 筛查\" category=keyword threshold=0.92"
time=2026-09-15T00:29:25.754+08:00 level=INFO msg="findOrCreateTag: start label=\"苹果推送 visionOS 27 RC 版本\" slug=\"苹果推送 visionos 27 rc 版本\" category=event source=llm"
time=2026-09-15T00:29:25.756+08:00 level=INFO msg="TagMatch: start label=\"苹果推送 visionOS 27 RC 版本\" slug=\"苹果推送 visionos 27 rc 版本\" category=event threshold=0.92"
time=2026-09-15T00:29:25.936+08:00 level=INFO msg="findOrCreateTag: start label=\"带屏AI眼镜\" slug=\"带屏ai眼镜\" category=keyword source=llm"
time=2026-09-15T00:29:25.936+08:00 level=INFO msg="TagMatch: start label=\"带屏AI眼镜\" slug=\"带屏ai眼镜\" category=keyword threshold=0.92"
time=2026-09-15T00:29:26.964+08:00 level=WARN msg="[SLOW SQL] 726.301ms > 200ms | rows=20 | \n\t\tSELECT t.id AS tag_id, e.embedding <=> '[-0.000260,0.029465,-0.003488,0.012394,-0.001737,0.059272,0.037831,-0.013005,0.042057,-0.015621,0.023630,-0.036032,0.012945,-0.061773,0.038466,-0.023330,-0.047794,-0.006700,0.038230,0.000765,-0.012667,0.034081,0.036819,-0.007384,0.000253,0.007262,-0.028173,0.031458,-0.010712,0.014884,-0.021385,-0.009918,0.035996,0.036848,0.005905,-0.032223,-0.002967,0.004317,-0.024608,0.055026,0.018093,-0.006523,0.001453,0.014281,-0.012238,0.016428,0.017875,-0.023737,-0.005639,-0.020686,0.007771,-0.000898,-0.019734,-0.015805,-0.036369,0.018057,0.087144,-0.007361,-0.006233,0.005241,-0.005810,-0.001943,-0.009169,-0.005218,0.000689,-0.008281,-0.021856,0.003460,0.025329,0.000991,0.047326,-0.012603,-0.013587,0.014670,0.007070,-0.032800,-0.012967,0.020266,-0.024316,0.004280,-0.038915,0.013226,0.023916,0.058202,0.031430,0.014406,-0.009484,-0.002547,-0.003207,0.020050,0.002340,-0.010274,0.008224,-0.012891,0.003192,-0.017066,0.006242,-0.004497,-0.007563,0.008222,-0.021829,-0.026587,0.011050,-0.026890,0.000433,-0.031309,-0.009148,0.001364,-0.017258,0.013862,-0.009406,0.009903,0.009518,0.011644,-0.015726,-0.023859,0.003388,0.044487,-0.024198,0.064763,-0.012584,0.028995,-0.011725,0.020282,0.000432,-0.046069,-0.001187,-0.004246,0.012479,0.009413,0.058506,-0.014934,0.035628,0.004236,0.011168,-0.002076,0.013676,-0.012322,0.008546,0.017026,0.007372,0.020858,-0.002257,0.012751,-0.009386,-0.003878,0.004354,0.005687,0.010120,0.005698,0.021675,-0.020561,0.010891,0.020993,0.007740,0.022574,-0.006607,0.020749,0.002694,0.006109,-0.004369,0.004593,0.030060,0.041562,0.008571,0.005426,0.040181,-0.010008,-0.001747,-0.006594,0.008461,-0.036316,0.020785,-0.003209,-0.011727,-0.011829,-0.009249,-0.042425,0.004463,-0.021780,-0.013429,-0.036525,-0.008764,0.000732,0.016324,-0.010004,-0.001117,-0.004626,0.010373,0.008552,-0.063327,0.035475,-0.001386,-0.001702,-0.010361,-0.003303,0.011076,-0.031922,0.011869,0.029751,-0.001785,0.008433,0.030061,0.011120,0.018205,-0.011112,0.00... [truncated]"
time=2026-09-15T00:29:26.974+08:00 level=INFO msg="TagMatch: label=\"苹果推送 visionOS 27 RC 版本\" category=event similarity search returned totalCandidates=20 bestSimilarity=0.8088"
time=2026-09-15T00:29:26.974+08:00 level=INFO msg="TagMatch: label=\"苹果推送 visionOS 27 RC 版本\" category=event result=no_match reason=below_low_similarity bestSimilarity=0.8088"
time=2026-09-15T00:29:26.974+08:00 level=INFO msg="findOrCreateTag: label=\"苹果推送 visionOS 27 RC 版本\" category=event matchType=no_match"
time=2026-09-15T00:29:26.975+08:00 level=INFO msg="findOrCreateTag: label=\"苹果推送 visionOS 27 RC 版本\" category=event fallback=create_new"
time=2026-09-15T00:29:27.269+08:00 level=WARN msg="[SLOW SQL] 920.873ms > 200ms | rows=20 | \n\t\tSELECT t.id AS tag_id, e.embedding <=> '[-0.000207,-0.029948,-0.044680,-0.012122,-0.002102,0.055402,0.050852,-0.025266,0.057393,-0.030001,0.023058,-0.010283,0.012846,-0.059989,0.044691,-0.020180,-0.028407,-0.037008,0.075397,-0.002478,-0.011499,0.024591,0.014758,-0.011796,-0.023625,-0.010278,-0.029109,0.006601,-0.004385,0.039372,0.022250,-0.047738,0.042880,0.009156,0.007208,-0.022114,0.014950,-0.001414,-0.024306,0.036898,0.028206,-0.008603,0.010741,0.012605,0.008691,-0.006553,0.017260,0.010507,-0.003025,-0.018062,0.000684,0.000439,-0.035217,-0.014032,-0.011893,0.072671,0.098416,-0.012574,-0.006721,0.017709,-0.004550,0.003739,-0.035619,-0.014112,-0.003828,-0.011921,-0.007594,0.013851,0.011028,0.019945,0.007632,-0.016045,0.010165,0.019876,0.013288,-0.029740,-0.009064,0.020662,-0.010736,0.014377,-0.051335,0.000466,0.025142,0.013371,0.039180,0.007271,0.007252,-0.009672,-0.034825,0.017695,0.000011,-0.009676,0.013325,-0.057425,0.005550,-0.006699,0.016059,-0.006266,0.001738,0.004962,-0.006186,-0.015377,0.046282,-0.009898,0.035391,-0.009924,-0.013858,0.001900,0.007506,0.005652,-0.001015,-0.004491,-0.000618,0.010962,-0.021446,-0.019756,0.028225,0.050376,0.010687,0.068491,-0.000245,-0.001175,-0.014549,0.008142,0.009660,-0.049170,-0.040989,0.003882,-0.009070,0.025432,0.051752,-0.015195,0.045678,-0.033243,0.003001,-0.009157,0.009886,0.012569,0.005405,0.017762,-0.000007,0.028650,0.010248,-0.005328,-0.019280,-0.035203,-0.012019,0.015740,0.013476,-0.000410,0.039648,0.006280,0.011993,0.023779,-0.010270,-0.007025,-0.024713,0.028060,0.003377,0.013264,-0.015678,0.002626,-0.038942,0.032873,0.005076,0.027258,0.008629,-0.001483,0.005203,0.007467,0.011532,-0.016210,0.002642,-0.014081,-0.021600,-0.011952,-0.036086,-0.027736,-0.001507,0.015260,0.004635,-0.011723,0.035155,0.011587,0.010136,-0.015673,-0.011678,0.000650,0.020754,0.004174,-0.060621,0.028802,-0.002943,0.030270,-0.028364,0.006550,-0.014036,-0.016678,0.030511,0.035706,0.000681,0.028246,0.023448,-0.010777,0.000461,-0.001773,0.006... [truncated]"
time=2026-09-15T00:29:27.270+08:00 level=WARN msg="[SLOW SQL] 1029.256ms > 200ms | rows=20 | \n\t\tSELECT t.id AS tag_id, e.embedding <=> '[0.000030,0.012913,-0.071999,-0.015257,-0.001356,0.048971,0.039107,-0.038535,0.047957,0.034773,0.030556,-0.018509,0.010642,-0.053998,0.028336,-0.021103,0.002725,0.011566,0.028010,0.002762,-0.013794,0.040062,0.015080,0.015270,-0.017299,-0.042706,-0.029043,0.017607,0.002194,0.009076,0.015300,-0.034899,0.041741,0.022606,0.007113,-0.026526,-0.000219,0.008720,0.010643,0.030785,0.018440,-0.034944,0.003807,0.014515,0.028124,0.002960,0.014168,-0.006573,-0.023510,-0.009248,0.004675,0.011564,-0.013118,-0.014444,0.007504,0.047020,0.069088,-0.012297,-0.014349,0.049784,-0.005628,0.026377,-0.035779,-0.006231,0.000570,-0.011868,-0.012365,0.004243,0.021475,0.032792,0.013729,-0.031087,0.005549,0.019973,0.017037,-0.034598,-0.004175,0.031652,-0.005390,0.011947,-0.038087,-0.015158,0.016802,0.066810,0.009333,0.005848,0.012653,-0.009984,-0.031669,0.039882,-0.007399,0.014486,-0.000401,-0.040282,0.003443,-0.005118,-0.006915,-0.003408,-0.010019,0.004562,-0.021715,-0.025768,0.045903,-0.009191,0.002730,-0.024747,-0.003784,-0.010319,0.000656,-0.006286,-0.011340,0.008321,-0.026482,0.016313,-0.008714,-0.033507,0.018677,0.023714,0.029227,0.047204,-0.002626,0.013369,-0.011325,0.019642,-0.000393,-0.041739,0.005802,0.012148,0.012127,0.019005,0.034742,-0.017882,-0.000135,-0.029954,-0.008212,0.006106,0.009106,-0.014310,0.013491,0.041691,-0.004992,0.027606,0.021308,0.019406,0.007965,-0.058208,-0.006557,0.020868,0.005791,0.000113,0.033709,-0.012332,0.029027,0.030860,-0.000300,-0.001478,-0.031696,-0.016073,0.018765,-0.008812,-0.032991,0.038392,-0.027730,0.035066,0.004239,0.005589,0.006149,-0.001565,0.003185,0.009373,-0.006844,-0.016544,0.022430,-0.020601,-0.033191,-0.001983,-0.007279,-0.043025,0.010201,0.017577,-0.020929,0.004903,0.015398,0.008061,-0.006817,0.010504,-0.023386,0.034105,0.012037,-0.003568,-0.028675,0.049553,0.001967,0.020931,-0.020637,-0.010355,0.001395,-0.006816,0.029210,0.040791,0.017811,0.038814,0.025543,0.002256,-0.009030,-0.014433,0.020175,-0... [truncated]"
time=2026-09-15T00:29:27.270+08:00 level=INFO msg="TagMatch: label=\"带屏AI眼镜\" category=keyword similarity search returned totalCandidates=20 bestSimilarity=0.8169"
time=2026-09-15T00:29:27.270+08:00 level=INFO msg="TagMatch: label=\"带屏AI眼镜\" category=keyword result=no_match reason=below_low_similarity bestSimilarity=0.8169"
time=2026-09-15T00:29:27.270+08:00 level=INFO msg="findOrCreateTag: label=\"带屏AI眼镜\" category=keyword matchType=no_match"
time=2026-09-15T00:29:27.271+08:00 level=INFO msg="TagMatch: label=\"VR 筛查\" category=keyword similarity search returned totalCandidates=20 bestSimilarity=0.7916"
time=2026-09-15T00:29:27.271+08:00 level=INFO msg="TagMatch: label=\"VR 筛查\" category=keyword result=no_match reason=below_low_similarity bestSimilarity=0.7916"
time=2026-09-15T00:29:27.271+08:00 level=INFO msg="findOrCreateTag: label=\"VR 筛查\" category=keyword matchType=no_match"
time=2026-09-15T00:29:27.271+08:00 level=INFO msg="findOrCreateTag: label=\"带屏AI眼镜\" category=keyword fallback=create_new"
time=2026-09-15T00:29:27.272+08:00 level=INFO msg="findOrCreateTag: label=\"VR 筛查\" category=keyword fallback=create_new"
time=2026-09-15T00:29:28.325+08:00 level=INFO msg="Generated description + 5 keywords for event tag 158468 (苹果推送 visionOS 27 RC 版本): [苹果 visionOS 27 RC版本 推送 Siri AI]"
time=2026-09-15T00:29:30.711+08:00 level=WARN msg="[SLOW SQL] 3503.222ms > 200ms | rows=5864 | SELECT id, merge_embedding FROM \"semantic_labels\" WHERE label_type = 'auxiliary' AND status = 'active' AND merge_embedding IS NOT NULL"
time=2026-09-15T00:29:31.192+08:00 level=WARN msg="auxiliary label dedup gate slow: label=\"visionOS 27\" took=4.1607686s (>50ms), review L1/L2 (embedder/merge) performance"
time=2026-09-15T00:29:31.200+08:00 level=INFO msg="Successfully tagged article 128303"
time=2026-09-15T00:29:31.541+08:00 level=WARN msg="auxiliary label dedup gate slow: label=\"VR 筛查\" took=358.7234ms (>50ms), review L1/L2 (embedder/merge) performance"
time=2026-09-15T00:29:31.890+08:00 level=INFO msg="findOrCreateTag: start label=\"昆明社区VR心理健康筛查活动\" slug=\"昆明社区vr心理健康筛查活动\" category=event source=llm"
time=2026-09-15T00:29:31.891+08:00 level=INFO msg="TagMatch: start label=\"昆明社区VR心理健康筛查活动\" slug=\"昆明社区vr心理健康筛查活动\" category=event threshold=0.92"
time=2026-09-15T00:29:33.322+08:00 level=WARN msg="[SLOW SQL] 877.118ms > 200ms | rows=20 | \n\t\tSELECT t.id AS tag_id, e.embedding <=> '[-0.000214,0.002081,-0.086878,-0.012573,-0.002291,0.054454,0.036291,0.020340,0.051317,-0.008356,0.044106,0.005042,0.014205,0.015378,0.041842,-0.016354,-0.014587,-0.024467,0.021741,-0.002140,-0.010027,0.047407,0.051748,-0.009722,-0.027097,-0.065711,-0.030076,-0.039972,0.010937,-0.005736,-0.025283,-0.037896,0.015810,0.021987,0.005667,-0.015949,-0.008342,0.004054,-0.049711,0.044691,0.017479,-0.002474,0.023563,0.008850,0.005946,0.005005,0.011480,-0.008732,-0.005942,-0.017778,0.010393,-0.001511,-0.018802,-0.007742,-0.014658,0.050824,0.075309,-0.009605,-0.018334,0.015964,-0.004587,0.009363,-0.010066,-0.006385,0.003005,-0.008830,-0.030217,-0.027936,0.021124,-0.005083,0.033377,-0.020392,0.001488,0.013768,0.029205,-0.026276,-0.010129,0.030598,0.019751,-0.000391,-0.033619,0.003628,0.023050,0.049280,0.020328,0.004680,0.006890,-0.000471,-0.016168,0.020584,-0.000279,-0.038593,0.004784,-0.040005,0.002996,-0.014418,0.001190,-0.015056,-0.007157,0.006777,-0.015243,-0.019506,0.049198,-0.019553,-0.003185,-0.023967,-0.009855,-0.022401,0.012453,0.007618,-0.012668,-0.015237,0.016919,0.018401,-0.003012,-0.003951,-0.002887,0.053225,0.008820,-0.011400,-0.002736,0.015943,0.004812,0.012288,0.011777,-0.047328,-0.020335,0.011052,0.056717,0.014270,0.040582,-0.025407,0.013798,-0.020780,0.014019,-0.025912,0.009618,-0.009056,0.010667,0.022219,-0.007404,0.039743,0.013080,-0.017675,-0.022017,-0.051825,-0.016488,0.000595,0.016817,0.015220,0.023029,-0.021043,0.021085,0.025631,0.009424,0.016777,-0.034835,0.001166,0.013456,0.018927,-0.028730,0.010553,-0.009314,0.007004,0.005587,0.021236,0.019153,-0.003488,-0.020119,-0.030853,0.010872,-0.035114,0.010289,-0.019903,-0.042599,-0.015054,-0.011101,-0.034319,0.008593,0.011611,0.003021,-0.007903,0.001319,-0.001155,0.010453,-0.009628,-0.015119,0.009946,0.024209,-0.008484,-0.066496,0.031429,-0.000151,0.006548,-0.012572,-0.025061,0.010215,-0.031476,0.036023,0.024226,0.022986,0.002361,-0.001658,0.011004,-0.004313,-0.021719,... [truncated]"
time=2026-09-15T00:29:33.323+08:00 level=INFO msg="TagMatch: label=\"昆明社区VR心理健康筛查活动\" category=event similarity search returned totalCandidates=20 bestSimilarity=0.7581"
time=2026-09-15T00:29:33.323+08:00 level=INFO msg="TagMatch: label=\"昆明社区VR心理健康筛查活动\" category=event result=no_match reason=below_low_similarity bestSimilarity=0.7581"
time=2026-09-15T00:29:33.323+08:00 level=INFO msg="findOrCreateTag: label=\"昆明社区VR心理健康筛查活动\" category=event matchType=no_match"
time=2026-09-15T00:29:33.324+08:00 level=INFO msg="findOrCreateTag: label=\"昆明社区VR心理健康筛查活动\" category=event fallback=create_new"
time=2026-09-15T00:29:34.730+08:00 level=INFO msg="Generated description + 5 keywords for event tag 158471 (昆明社区VR心理健康筛查活动): [昆明 PICO头显 VR筛查 心理健康 公益筛查]"
time=2026-09-15T00:29:35.843+08:00 level=WARN msg="[SLOW SQL] 3557.755ms > 200ms | rows=5866 | SELECT id, merge_embedding FROM \"semantic_labels\" WHERE label_type = 'auxiliary' AND status = 'active' AND merge_embedding IS NOT NULL"
time=2026-09-15T00:29:36.407+08:00 level=WARN msg="auxiliary label dedup gate slow: label=\"RC 版本\" took=4.7759251s (>50ms), review L1/L2 (embedder/merge) performance"
time=2026-09-15T00:29:36.760+08:00 level=INFO msg="Successfully tagged article 128304"
time=2026-09-15T00:29:39.458+08:00 level=WARN msg="[SLOW SQL] 2709.384ms > 200ms | rows=5867 | SELECT id, merge_embedding FROM \"semantic_labels\" WHERE label_type = 'auxiliary' AND status = 'active' AND merge_embedding IS NOT NULL"
time=2026-09-15T00:29:39.944+08:00 level=WARN msg="auxiliary label dedup gate slow: label=\"昆明\" took=3.4956886s (>50ms), review L1/L2 (embedder/merge) performance"
time=2026-09-15T00:29:41.690+08:00 level=WARN msg="[SLOW SQL] 1476.404ms > 200ms | rows=5868 | SELECT id, merge_embedding FROM \"semantic_labels\" WHERE label_type = 'auxiliary' AND status = 'active' AND merge_embedding IS NOT NULL"
time=2026-09-15T00:29:42.249+08:00 level=WARN msg="auxiliary label dedup gate slow: label=\"心理健康\" took=2.1215305s (>50ms), review L1/L2 (embedder/merge) performance"
time=2026-09-15T00:29:43.790+08:00 level=WARN msg="[SLOW SQL] 1216.725ms > 200ms | rows=5869 | SELECT id, merge_embedding FROM \"semantic_labels\" WHERE label_type = 'auxiliary' AND status = 'active' AND merge_embedding IS NOT NULL"
time=2026-09-15T00:29:44.263+08:00 level=WARN msg="auxiliary label dedup gate slow: label=\"睡眠障碍\" took=1.7821968s (>50ms), review L1/L2 (embedder/merge) performance"
time=2026-09-15T00:29:44.504+08:00 level=INFO msg="findOrCreateTag: start label=\"融城老年病医院\" slug=\"融城老年病医院\" category=keyword source=llm"
time=2026-09-15T00:29:44.504+08:00 level=INFO msg="TagMatch: start label=\"融城老年病医院\" slug=\"融城老年病医院\" category=keyword threshold=0.92"
time=2026-09-15T00:29:45.747+08:00 level=WARN msg="[SLOW SQL] 924.527ms > 200ms | rows=20 | \n\t\tSELECT t.id AS tag_id, e.embedding <=> '[-0.000399,0.002377,-0.012092,-0.021352,-0.002899,0.057573,0.058405,0.068867,0.050653,-0.027162,-0.000830,0.035814,0.015954,0.028918,-0.013363,-0.015356,-0.010288,-0.042952,0.042745,-0.001553,-0.015376,0.035700,0.030478,0.017226,-0.074605,-0.048446,-0.024469,0.006342,0.004009,0.025173,-0.007518,-0.053814,0.015475,-0.002342,0.004250,-0.013188,-0.007831,-0.001562,-0.037562,0.015392,0.014022,0.010588,0.022454,0.022948,-0.023124,-0.001490,0.015044,-0.004724,-0.005412,-0.011355,0.005508,-0.004436,-0.011941,-0.010395,-0.019240,-0.002690,0.077109,-0.007250,-0.031893,0.029760,-0.005394,0.007578,-0.015486,-0.015168,-0.000565,-0.023513,-0.022089,-0.006890,0.019235,-0.027799,-0.000463,-0.016459,-0.019556,0.022741,0.017972,-0.027075,-0.005308,0.024382,-0.006756,0.009482,-0.032730,-0.004419,0.029448,0.038854,0.030891,0.018510,-0.032422,-0.005075,-0.014736,-0.000493,0.009370,-0.058589,-0.004263,-0.046289,0.001455,-0.011392,0.003440,-0.006410,0.016732,-0.009083,-0.002555,0.005831,0.037645,0.000734,0.018253,-0.014704,0.002489,-0.001728,0.005569,0.014217,-0.015774,0.011942,0.005247,0.037169,-0.015347,-0.016602,0.013635,0.018968,-0.008258,-0.063675,0.011763,0.037555,-0.017368,-0.003804,0.001396,-0.035220,-0.020876,0.004073,0.030332,-0.015439,0.026694,-0.013672,0.012424,-0.031045,0.001636,0.009910,-0.002590,0.005295,0.020974,0.010402,0.007512,0.030821,0.007559,-0.025382,-0.017554,-0.045981,-0.012389,0.036602,0.023807,0.008337,-0.001253,0.022816,0.003004,0.047337,0.000081,0.010767,-0.042295,-0.014388,0.011720,0.009317,0.000069,0.003468,-0.026739,0.018371,0.007688,0.005638,0.016601,0.008698,0.002261,-0.033324,0.023730,-0.038159,0.005435,-0.016809,-0.019635,-0.009072,-0.021453,-0.000745,-0.001907,0.018915,0.013581,0.036069,0.000753,0.001024,0.010551,-0.008198,-0.003164,-0.000101,0.025687,-0.012842,-0.055358,0.035329,-0.007563,0.002625,-0.006599,-0.010992,0.001976,-0.014634,0.024771,0.011666,-0.020025,0.003836,-0.004094,0.002156,0.023205,-0.00616... [truncated]"
time=2026-09-15T00:29:45.748+08:00 level=INFO msg="TagMatch: label=\"融城老年病医院\" category=keyword similarity search returned totalCandidates=20 bestSimilarity=0.6669"
time=2026-09-15T00:29:45.748+08:00 level=INFO msg="TagMatch: label=\"融城老年病医院\" category=keyword result=no_match reason=below_low_similarity bestSimilarity=0.6669"
time=2026-09-15T00:29:45.748+08:00 level=INFO msg="findOrCreateTag: label=\"融城老年病医院\" category=keyword matchType=no_match"
time=2026-09-15T00:29:45.749+08:00 level=INFO msg="findOrCreateTag: label=\"融城老年病医院\" category=keyword fallback=create_new"
time=2026-09-15T00:29:48.667+08:00 level=WARN msg="[SLOW SQL] 2769.727ms > 200ms | rows=5870 | SELECT id, merge_embedding FROM \"semantic_labels\" WHERE label_type = 'auxiliary' AND status = 'active' AND merge_embedding IS NOT NULL"
time=2026-09-15T00:29:49.176+08:00 level=WARN msg="auxiliary label dedup gate slow: label=\"融城老年病医院\" took=3.4061992s (>50ms), review L1/L2 (embedder/merge) performance"
time=2026-09-15T00:29:49.500+08:00 level=INFO msg="Successfully tagged article 128305"
time=2026-09-15T00:30:17.634+08:00 level=INFO msg="[tracing] scheduler \"Firecrawl Crawler\" tick: tracing not recording"
time=2026-09-15T00:30:17.647+08:00 level=INFO msg="Firecrawl Crawler: no jobs to process"
time=2026-09-15T00:30:17.671+08:00 level=INFO msg="[tracing] scheduler \"Auto Refresh\" tick: tracing not recording"
time=2026-09-15T00:30:17.674+08:00 level=INFO msg="Auto Refresh: triggered 0 feeds (scanned=23, due=0, stale_reset=0)"
time=2026-09-15T00:30:17.675+08:00 level=INFO msg="[tracing] scheduler \"Content Completion\" tick: tracing not recording"
time=2026-09-15T00:30:17.764+08:00 level=INFO msg="Content Completion: no pending content to complete"
time=2026-09-15T00:31:17.670+08:00 level=INFO msg="[tracing] scheduler \"Auto Refresh\" tick: tracing not recording"
time=2026-09-15T00:31:17.674+08:00 level=INFO msg="[tracing] scheduler \"Content Completion\" tick: tracing not recording"
time=2026-09-15T00:31:17.689+08:00 level=INFO msg="Auto Refresh: triggered 0 feeds (scanned=23, due=0, stale_reset=0)"
time=2026-09-15T00:31:17.727+08:00 level=INFO msg="Content Completion: no pending content to complete"
time=2026-09-15T00:32:17.671+08:00 level=INFO msg="[tracing] scheduler \"Auto Refresh\" tick: tracing not recording"
time=2026-09-15T00:32:17.675+08:00 level=INFO msg="[tracing] scheduler \"Content Completion\" tick: tracing not recording"
time=2026-09-15T00:32:17.681+08:00 level=INFO msg="Auto Refresh: triggered 0 feeds (scanned=23, due=0, stale_reset=0)"
time=2026-09-15T00:32:17.722+08:00 level=INFO msg="Content Completion: no pending content to complete"
time=2026-09-15T00:32:17.889+08:00 level=INFO msg="WebSocket客户端已断开，当前连接数: 0"
[GIN] 2026/09/15 - 00:32:18 | 204 |       0s |             ::1 | OPTIONS  "/api/categories"
[GIN] 2026/09/15 - 00:32:18 | 204 |       0s |             ::1 | OPTIONS  "/api/feeds?per_page=10000"
[GIN] 2026/09/15 - 00:32:18 | 200 |   4.76ms |             ::1 | GET      "/api/categories"
[GIN] 2026/09/15 - 00:32:18 | 200 |  12.34ms |             ::1 | GET      "/api/feeds?per_page=10000"
time=2026-09-15T00:32:18.296+08:00 level=INFO msg="WebSocket客户端已连接，当前连接数: 1"
[GIN] 2026/09/15 - 00:32:18 | 200 |       0s |             ::1 | GET      "/ws"
[GIN] 2026/09/15 - 00:32:18 | 200 |   13.3ms |             ::1 | GET      "/api/semantic-boards"
time=2026-09-15T00:32:18.636+08:00 level=WARN msg="[SLOW SQL] 250.547ms > 200ms | rows=50 | SELECT * FROM \"semantic_labels\" WHERE label_type = 'auxiliary' ORDER BY ref_count DESC, id ASC LIMIT 50"
[GIN] 2026/09/15 - 00:32:18 | 200 | 338.41ms |             ::1 | GET      "/api/auxiliary-labels?page=1&per_page=50"
time=2026-09-15T00:32:21.275+08:00 level=WARN msg="[SLOW SQL] 2976.342ms > 200ms | rows=5871 | SELECT id, label, slug, ref_count, embedding FROM \"semantic_labels\" WHERE label_type = 'auxiliary' AND status = 'active' AND embedding IS NOT NULL ORDER BY ref_count DESC, id ASC"
[GIN] 2026/09/15 - 00:32:24 | 200 |    5.95s |             ::1 | GET      "/api/auxiliary-labels/clusters"
time=2026-09-15T00:33:17.671+08:00 level=INFO msg="[tracing] scheduler \"Auto Refresh\" tick: tracing not recording"
time=2026-09-15T00:33:17.672+08:00 level=INFO msg="Auto Refresh: triggered 0 feeds (scanned=23, due=0, stale_reset=0)"
time=2026-09-15T00:33:17.675+08:00 level=INFO msg="[tracing] scheduler \"Content Completion\" tick: tracing not recording"
time=2026-09-15T00:33:17.721+08:00 level=INFO msg="Content Completion: no pending content to complete"
time=2026-09-15T00:33:17.879+08:00 level=INFO msg="WebSocket客户端已断开，当前连接数: 0"
[GIN] 2026/09/15 - 00:33:18 | 200 |   1.61ms |             ::1 | GET      "/api/categories"
[GIN] 2026/09/15 - 00:33:18 | 200 |   9.65ms |             ::1 | GET      "/api/feeds?per_page=10000"
time=2026-09-15T00:33:18.146+08:00 level=INFO msg="WebSocket客户端已连接，当前连接数: 1"
[GIN] 2026/09/15 - 00:33:18 | 200 |       0s |             ::1 | GET      "/ws"
[GIN] 2026/09/15 - 00:33:18 | 200 |   1.06ms |             ::1 | GET      "/api/auxiliary-labels/clusters"
[GIN] 2026/09/15 - 00:33:18 | 200 |  10.68ms |             ::1 | GET      "/api/semantic-boards"
[GIN] 2026/09/15 - 00:33:18 | 200 | 162.58ms |             ::1 | GET      "/api/auxiliary-labels?page=1&per_page=50"
time=2026-09-15T00:34:17.671+08:00 level=INFO msg="[tracing] scheduler \"Auto Refresh\" tick: tracing not recording"
time=2026-09-15T00:34:17.672+08:00 level=INFO msg="Auto Refresh: triggered 0 feeds (scanned=23, due=0, stale_reset=0)"
time=2026-09-15T00:34:17.675+08:00 level=INFO msg="[tracing] scheduler \"Content Completion\" tick: tracing not recording"
time=2026-09-15T00:34:17.720+08:00 level=INFO msg="Content Completion: no pending content to complete"
time=2026-09-15T00:34:17.893+08:00 level=INFO msg="WebSocket客户端已断开，当前连接数: 0"
[GIN] 2026/09/15 - 00:34:18 | 200 |   1.06ms |             ::1 | GET      "/api/categories"
[GIN] 2026/09/15 - 00:34:18 | 200 |  10.34ms |             ::1 | GET      "/api/feeds?per_page=10000"
[GIN] 2026/09/15 - 00:34:18 | 200 |       0s |             ::1 | GET      "/ws"
time=2026-09-15T00:34:18.143+08:00 level=INFO msg="WebSocket客户端已连接，当前连接数: 1"
[GIN] 2026/09/15 - 00:34:18 | 200 |   1.62ms |             ::1 | GET      "/api/auxiliary-labels/clusters"
[GIN] 2026/09/15 - 00:34:18 | 200 |    5.5ms |             ::1 | GET      "/api/semantic-boards"
[GIN] 2026/09/15 - 00:34:18 | 200 | 106.41ms |             ::1 | GET      "/api/auxiliary-labels?page=1&per_page=50"
time=2026-09-15T00:35:17.634+08:00 level=INFO msg="[tracing] scheduler \"Firecrawl Crawler\" tick: tracing not recording"
time=2026-09-15T00:35:17.644+08:00 level=INFO msg="Firecrawl Crawler: no jobs to process"
time=2026-09-15T00:35:17.670+08:00 level=INFO msg="[tracing] scheduler \"Auto Refresh\" tick: tracing not recording"
time=2026-09-15T00:35:17.672+08:00 level=INFO msg="Auto Refresh: triggered 0 feeds (scanned=23, due=0, stale_reset=0)"
time=2026-09-15T00:35:17.675+08:00 level=INFO msg="[tracing] scheduler \"Content Completion\" tick: tracing not recording"
time=2026-09-15T00:35:17.721+08:00 level=INFO msg="Content Completion: no pending content to complete"
time=2026-09-15T00:35:17.890+08:00 level=INFO msg="WebSocket客户端已断开，当前连接数: 0"
[GIN] 2026/09/15 - 00:35:18 | 200 |   3.27ms |             ::1 | GET      "/api/categories"
[GIN] 2026/09/15 - 00:35:18 | 200 |   8.83ms |             ::1 | GET      "/api/feeds?per_page=10000"
time=2026-09-15T00:35:18.142+08:00 level=INFO msg="WebSocket客户端已连接，当前连接数: 1"
[GIN] 2026/09/15 - 00:35:18 | 200 |       0s |             ::1 | GET      "/ws"
[GIN] 2026/09/15 - 00:35:18 | 200 |   1.05ms |             ::1 | GET      "/api/auxiliary-labels/clusters"
[GIN] 2026/09/15 - 00:35:18 | 200 |   4.76ms |             ::1 | GET      "/api/semantic-boards"
[GIN] 2026/09/15 - 00:35:18 | 200 | 116.72ms |             ::1 | GET      "/api/auxiliary-labels?page=1&per_page=50"
time=2026-09-15T00:36:17.671+08:00 level=INFO msg="[tracing] scheduler \"Auto Refresh\" tick: tracing not recording"
time=2026-09-15T00:36:17.672+08:00 level=INFO msg="Auto Refresh: triggered 0 feeds (scanned=23, due=0, stale_reset=0)"
time=2026-09-15T00:36:17.674+08:00 level=INFO msg="[tracing] scheduler \"Content Completion\" tick: tracing not recording"
time=2026-09-15T00:36:17.719+08:00 level=INFO msg="Content Completion: no pending content to complete"
time=2026-09-15T00:36:17.893+08:00 level=INFO msg="WebSocket客户端已断开，当前连接数: 0"
[GIN] 2026/09/15 - 00:36:18 | 200 |   1.62ms |             ::1 | GET      "/api/categories"
[GIN] 2026/09/15 - 00:36:18 | 200 |   9.36ms |             ::1 | GET      "/api/feeds?per_page=10000"
time=2026-09-15T00:36:18.141+08:00 level=INFO msg="WebSocket客户端已连接，当前连接数: 1"
[GIN] 2026/09/15 - 00:36:18 | 200 |       0s |             ::1 | GET      "/ws"
[GIN] 2026/09/15 - 00:36:18 | 200 |   1.06ms |             ::1 | GET      "/api/auxiliary-labels/clusters"
[GIN] 2026/09/15 - 00:36:18 | 200 |   5.29ms |             ::1 | GET      "/api/semantic-boards"
[GIN] 2026/09/15 - 00:36:18 | 200 |    107ms |             ::1 | GET      "/api/auxiliary-labels?page=1&per_page=50"
time=2026-09-15T00:37:17.670+08:00 level=INFO msg="[tracing] scheduler \"Auto Refresh\" tick: tracing not recording"
time=2026-09-15T00:37:17.672+08:00 level=INFO msg="Auto Refresh: triggered 0 feeds (scanned=23, due=0, stale_reset=0)"
time=2026-09-15T00:37:17.675+08:00 level=INFO msg="[tracing] scheduler \"Content Completion\" tick: tracing not recording"
time=2026-09-15T00:37:17.713+08:00 level=INFO msg="Content Completion: no pending content to complete"
time=2026-09-15T00:37:17.887+08:00 level=INFO msg="WebSocket客户端已断开，当前连接数: 0"
[GIN] 2026/09/15 - 00:37:18 | 200 |   1.05ms |             ::1 | GET      "/api/categories"
[GIN] 2026/09/15 - 00:37:18 | 200 |   8.55ms |             ::1 | GET      "/api/feeds?per_page=10000"
time=2026-09-15T00:37:18.112+08:00 level=INFO msg="WebSocket客户端已连接，当前连接数: 1"
[GIN] 2026/09/15 - 00:37:18 | 200 |       0s |             ::1 | GET      "/ws"
[GIN] 2026/09/15 - 00:37:18 | 200 |   1.58ms |             ::1 | GET      "/api/auxiliary-labels/clusters"
[GIN] 2026/09/15 - 00:37:18 | 200 |    5.4ms |             ::1 | GET      "/api/semantic-boards"
[GIN] 2026/09/15 - 00:37:18 | 200 | 107.32ms |             ::1 | GET      "/api/auxiliary-labels?page=1&per_page=50"
time=2026-09-15T00:37:38.432+08:00 level=INFO msg="WebSocket客户端已断开，当前连接数: 0"
[GIN] 2026/09/15 - 00:37:38 | 200 |  10.74ms |             ::1 | GET      "/api/feeds?per_page=10000"
[GIN] 2026/09/15 - 00:37:38 | 200 |  10.74ms |             ::1 | GET      "/api/categories"
[GIN] 2026/09/15 - 00:37:38 | 200 |       0s |             ::1 | GET      "/ws"
time=2026-09-15T00:37:38.619+08:00 level=INFO msg="WebSocket客户端已连接，当前连接数: 1"
[GIN] 2026/09/15 - 00:37:38 | 200 |   1.18ms |             ::1 | GET      "/api/auxiliary-labels/clusters"
[GIN] 2026/09/15 - 00:37:38 | 200 |   5.43ms |             ::1 | GET      "/api/semantic-boards"
[GIN] 2026/09/15 - 00:37:38 | 200 | 125.73ms |             ::1 | GET      "/api/auxiliary-labels?page=1&per_page=50"
[GIN] 2026/09/15 - 00:37:42 | 204 |       0s |             ::1 | OPTIONS  "/api/semantic-boards/15220/composition"
[GIN] 2026/09/15 - 00:37:42 | 204 |       0s |             ::1 | OPTIONS  "/api/semantic-boards/15220/topic-watches"
[GIN] 2026/09/15 - 00:37:42 | 204 |       0s |             ::1 | OPTIONS  "/api/semantic-boards/15220/articles?page=1&per_page=50&start_date=2026-09-14&end_date=2026-09-14"
[GIN] 2026/09/15 - 00:37:42 | 204 |       0s |             ::1 | OPTIONS  "/api/semantic-boards/15220/lane-dynamics?days=14"
[GIN] 2026/09/15 - 00:37:42 | 200 |   7.93ms |             ::1 | GET      "/api/semantic-boards/15220/topic-watches"
[GIN] 2026/09/15 - 00:37:42 | 200 |  56.46ms |             ::1 | GET      "/api/semantic-boards/15220/articles?page=1&per_page=50&start_date=2026-09-14&end_date=2026-09-14"
[GIN] 2026/09/15 - 00:37:42 | 200 |  70.51ms |             ::1 | GET      "/api/semantic-boards/15220/composition"
time=2026-09-15T00:37:42.828+08:00 level=WARN msg="[SLOW SQL] 257.298ms > 200ms | rows=191 | SELECT * FROM \"board_persistent_topics\" WHERE semantic_board_id = 15220 AND status != 'archived'"
[GIN] 2026/09/15 - 00:37:42 | 200 |  311.7ms |             ::1 | GET      "/api/semantic-boards/15220/lane-dynamics?days=14"
[GIN] 2026/09/15 - 00:38:00 | 204 |       0s |             ::1 | OPTIONS  "/api/semantic-boards/15220/daily-reports?days=7"
[GIN] 2026/09/15 - 00:38:00 | 200 |   6.29ms |             ::1 | GET      "/api/semantic-boards/15220/daily-reports?days=7"
[GIN] 2026/09/15 - 00:38:01 | 204 |       0s |             ::1 | OPTIONS  "/api/daily-reports/786"
[GIN] 2026/09/15 - 00:38:01 | 200 |  29.02ms |             ::1 | GET      "/api/daily-reports/786"
[GIN] 2026/09/15 - 00:38:01 | 204 |       0s |             ::1 | OPTIONS  "/api/daily-reports/topics/41/lifeline"
[GIN] 2026/09/15 - 00:38:01 | 200 |  19.45ms |             ::1 | GET      "/api/daily-reports/topics/41/lifeline"
[GIN] 2026/09/15 - 00:38:01 | 204 |       0s |             ::1 | OPTIONS  "/api/daily-reports/786/watch-hits"
[GIN] 2026/09/15 - 00:38:01 | 200 |   3.09ms |             ::1 | GET      "/api/daily-reports/786/watch-hits"
time=2026-09-15T00:38:17.671+08:00 level=INFO msg="[tracing] scheduler \"Auto Refresh\" tick: tracing not recording"
time=2026-09-15T00:38:17.675+08:00 level=INFO msg="[tracing] scheduler \"Content Completion\" tick: tracing not recording"
time=2026-09-15T00:38:17.688+08:00 level=INFO msg="Auto Refresh: triggered 0 feeds (scanned=23, due=0, stale_reset=0)"
time=2026-09-15T00:38:17.723+08:00 level=INFO msg="Content Completion: no pending content to complete"
[GIN] 2026/09/15 - 00:38:18 | 204 |       0s |             ::1 | OPTIONS  "/api/semantic-boards/50413/composition"
[GIN] 2026/09/15 - 00:38:18 | 204 |       0s |             ::1 | OPTIONS  "/api/semantic-boards/50413/articles?page=1&per_page=50&start_date=2026-09-14&end_date=2026-09-14"
[GIN] 2026/09/15 - 00:38:18 | 204 |       0s |             ::1 | OPTIONS  "/api/semantic-boards/50413/topic-watches"
[GIN] 2026/09/15 - 00:38:18 | 204 |       0s |             ::1 | OPTIONS  "/api/semantic-boards/50413/daily-reports?days=7"
[GIN] 2026/09/15 - 00:38:18 | 200 |   1.03ms |             ::1 | GET      "/api/semantic-boards/50413/topic-watches"
[GIN] 2026/09/15 - 00:38:18 | 200 |   5.08ms |             ::1 | GET      "/api/semantic-boards/50413/daily-reports?days=7"
[GIN] 2026/09/15 - 00:38:18 | 204 |       0s |             ::1 | OPTIONS  "/api/daily-reports/769"
[GIN] 2026/09/15 - 00:38:18 | 200 |  18.69ms |             ::1 | GET      "/api/daily-reports/769"
[GIN] 2026/09/15 - 00:38:18 | 200 |  34.93ms |             ::1 | GET      "/api/semantic-boards/50413/articles?page=1&per_page=50&start_date=2026-09-14&end_date=2026-09-14"
[GIN] 2026/09/15 - 00:38:18 | 200 |  38.19ms |             ::1 | GET      "/api/semantic-boards/50413/composition"
[GIN] 2026/09/15 - 00:38:20 | 204 |       0s |             ::1 | OPTIONS  "/api/semantic-boards/2197/composition"
[GIN] 2026/09/15 - 00:38:20 | 204 |       0s |             ::1 | OPTIONS  "/api/semantic-boards/2197/articles?page=1&per_page=50&start_date=2026-09-14&end_date=2026-09-14"
[GIN] 2026/09/15 - 00:38:20 | 204 |       0s |             ::1 | OPTIONS  "/api/semantic-boards/2197/topic-watches"
[GIN] 2026/09/15 - 00:38:20 | 204 |       0s |             ::1 | OPTIONS  "/api/semantic-boards/2197/daily-reports?days=7"
[GIN] 2026/09/15 - 00:38:20 | 200 |      1ms |             ::1 | GET      "/api/semantic-boards/2197/topic-watches"
[GIN] 2026/09/15 - 00:38:20 | 200 |   6.66ms |             ::1 | GET      "/api/semantic-boards/2197/daily-reports?days=7"
[GIN] 2026/09/15 - 00:38:20 | 204 |       0s |             ::1 | OPTIONS  "/api/daily-reports/782"
[GIN] 2026/09/15 - 00:38:20 | 200 |  22.87ms |             ::1 | GET      "/api/daily-reports/782"
[GIN] 2026/09/15 - 00:38:20 | 200 |   35.8ms |             ::1 | GET      "/api/semantic-boards/2197/articles?page=1&per_page=50&start_date=2026-09-14&end_date=2026-09-14"
[GIN] 2026/09/15 - 00:38:20 | 204 |       0s |             ::1 | OPTIONS  "/api/daily-reports/topics/58/lifeline"
[GIN] 2026/09/15 - 00:38:20 | 200 |  49.05ms |             ::1 | GET      "/api/semantic-boards/2197/composition"
[GIN] 2026/09/15 - 00:38:20 | 200 |  17.91ms |             ::1 | GET      "/api/daily-reports/topics/58/lifeline"
time=2026-09-15T00:39:17.670+08:00 level=INFO msg="[tracing] scheduler \"Auto Refresh\" tick: tracing not recording"
time=2026-09-15T00:39:17.672+08:00 level=INFO msg="Auto Refresh: triggered 0 feeds (scanned=23, due=0, stale_reset=0)"
time=2026-09-15T00:39:17.675+08:00 level=INFO msg="[tracing] scheduler \"Content Completion\" tick: tracing not recording"
time=2026-09-15T00:39:17.726+08:00 level=INFO msg="Content Completion: no pending content to complete"
[GIN] 2026/09/15 - 00:39:21 | 204 |       0s |             ::1 | OPTIONS  "/api/semantic-boards/2242/composition"
[GIN] 2026/09/15 - 00:39:21 | 204 |       0s |             ::1 | OPTIONS  "/api/semantic-boards/2242/articles?page=1&per_page=50&start_date=2026-09-14&end_date=2026-09-14"
[GIN] 2026/09/15 - 00:39:21 | 204 |       0s |             ::1 | OPTIONS  "/api/semantic-boards/2242/topic-watches"
[GIN] 2026/09/15 - 00:39:21 | 204 |       0s |             ::1 | OPTIONS  "/api/semantic-boards/2242/daily-reports?days=7"
[GIN] 2026/09/15 - 00:39:21 | 200 |  572.9µs |             ::1 | GET      "/api/semantic-boards/2242/topic-watches"
[GIN] 2026/09/15 - 00:39:21 | 200 |   1.65ms |             ::1 | GET      "/api/semantic-boards/2242/daily-reports?days=7"
[GIN] 2026/09/15 - 00:39:21 | 200 |   6.64ms |             ::1 | GET      "/api/semantic-boards/2242/articles?page=1&per_page=50&start_date=2026-09-14&end_date=2026-09-14"
[GIN] 2026/09/15 - 00:39:21 | 204 |       0s |             ::1 | OPTIONS  "/api/daily-reports/783"
[GIN] 2026/09/15 - 00:39:21 | 200 |  22.28ms |             ::1 | GET      "/api/semantic-boards/2242/composition"
[GIN] 2026/09/15 - 00:39:21 | 200 |  16.68ms |             ::1 | GET      "/api/daily-reports/783"
[GIN] 2026/09/15 - 00:39:21 | 204 |       0s |             ::1 | OPTIONS  "/api/daily-reports/topics/73/lifeline"
[GIN] 2026/09/15 - 00:39:21 | 200 |   6.95ms |             ::1 | GET      "/api/daily-reports/topics/73/lifeline"
[GIN] 2026/09/15 - 00:39:24 | 204 |       0s |             ::1 | OPTIONS  "/api/daily-reports/topics/79/lifeline"
[GIN] 2026/09/15 - 00:39:24 | 200 |   7.25ms |             ::1 | GET      "/api/daily-reports/topics/79/lifeline"
[GIN] 2026/09/15 - 00:39:29 | 204 |       0s |             ::1 | OPTIONS  "/api/semantic-boards/15219/composition"
[GIN] 2026/09/15 - 00:39:29 | 204 |       0s |             ::1 | OPTIONS  "/api/semantic-boards/15219/articles?page=1&per_page=50&start_date=2026-09-14&end_date=2026-09-14"
[GIN] 2026/09/15 - 00:39:29 | 204 |       0s |             ::1 | OPTIONS  "/api/semantic-boards/15219/topic-watches"
[GIN] 2026/09/15 - 00:39:29 | 204 |       0s |             ::1 | OPTIONS  "/api/semantic-boards/15219/daily-reports?days=7"
[GIN] 2026/09/15 - 00:39:29 | 200 |   1.63ms |             ::1 | GET      "/api/semantic-boards/15219/daily-reports?days=7"
[GIN] 2026/09/15 - 00:39:29 | 200 |   3.81ms |             ::1 | GET      "/api/semantic-boards/15219/topic-watches"
[GIN] 2026/09/15 - 00:39:29 | 200 |   5.32ms |             ::1 | GET      "/api/semantic-boards/15219/articles?page=1&per_page=50&start_date=2026-09-14&end_date=2026-09-14"
[GIN] 2026/09/15 - 00:39:29 | 204 |       0s |             ::1 | OPTIONS  "/api/daily-reports/750"
[GIN] 2026/09/15 - 00:39:29 | 200 |  19.98ms |             ::1 | GET      "/api/semantic-boards/15219/composition"
[GIN] 2026/09/15 - 00:39:29 | 200 |   14.1ms |             ::1 | GET      "/api/daily-reports/750"
[GIN] 2026/09/15 - 00:39:29 | 204 |       0s |             ::1 | OPTIONS  "/api/daily-reports/topics/81/lifeline"
[GIN] 2026/09/15 - 00:39:29 | 200 |    7.5ms |             ::1 | GET      "/api/daily-reports/topics/81/lifeline"
[GIN] 2026/09/15 - 00:39:33 | 200 |   1.07ms |             ::1 | GET      "/api/semantic-boards/3030/topic-watches"
[GIN] 2026/09/15 - 00:39:33 | 200 |  12.33ms |             ::1 | GET      "/api/semantic-boards/3030/daily-reports?days=7"
[GIN] 2026/09/15 - 00:39:33 | 200 |  30.31ms |             ::1 | GET      "/api/semantic-boards/3030/articles?page=1&per_page=50&start_date=2026-09-14&end_date=2026-09-14"
[GIN] 2026/09/15 - 00:39:33 | 200 |  16.47ms |             ::1 | GET      "/api/daily-reports/785"
[GIN] 2026/09/15 - 00:39:33 | 200 |  49.75ms |             ::1 | GET      "/api/semantic-boards/3030/composition"
[GIN] 2026/09/15 - 00:39:33 | 200 |  15.76ms |             ::1 | GET      "/api/daily-reports/topics/502/lifeline"
[GIN] 2026/09/15 - 00:39:39 | 204 |       0s |             ::1 | OPTIONS  "/api/articles/128240"
[GIN] 2026/09/15 - 00:39:39 | 200 |   4.16ms |             ::1 | GET      "/api/articles/128240"
[GIN] 2026/09/15 - 00:39:40 | 200 |   3.18ms |             ::1 | GET      "/api/articles/128240"
[GIN] 2026/09/15 - 00:39:40 | 204 |  524.6µs |             ::1 | OPTIONS  "/api/content-completion/articles/128240/status"
[GIN] 2026/09/15 - 00:39:40 | 200 |   1.08ms |             ::1 | GET      "/api/content-completion/articles/128240/status"
[GIN] 2026/09/15 - 00:39:40 | 200 |   3.66ms |             ::1 | GET      "/api/ai/settings"
[GIN] 2026/09/15 - 00:39:40 | 200 |   2.61ms |             ::1 | GET      "/api/ai/settings"
[GIN] 2026/09/15 - 00:39:50 | 200 |  25.57ms |             ::1 | POST     "/api/reading-behavior/track-batch"
[GIN] 2026/09/15 - 00:39:51 | 200 |   1.55ms |             ::1 | GET      "/api/semantic-boards/2272/topic-watches"
[GIN] 2026/09/15 - 00:39:51 | 200 |   3.17ms |             ::1 | GET      "/api/semantic-boards/2272/daily-reports?days=7"
[GIN] 2026/09/15 - 00:39:51 | 200 |  14.55ms |             ::1 | GET      "/api/semantic-boards/2272/articles?page=1&per_page=50&start_date=2026-09-14&end_date=2026-09-14"
[GIN] 2026/09/15 - 00:39:51 | 200 |  45.18ms |             ::1 | GET      "/api/semantic-boards/2272/composition"
[GIN] 2026/09/15 - 00:39:51 | 200 |  28.64ms |             ::1 | GET      "/api/daily-reports/784"
[GIN] 2026/09/15 - 00:39:51 | 200 |  11.87ms |             ::1 | GET      "/api/daily-reports/topics/1030/lifeline"
time=2026-09-15T00:39:54.937+08:00 level=INFO msg="WebSocket客户端已断开，当前连接数: 0"
time=2026-09-15T00:40:17.606+08:00 level=INFO msg="[tracing] scheduler \"Tag Quality Score\" tick: tracing not recording"
time=2026-09-15T00:40:17.608+08:00 level=INFO msg="Blocked Article Recovery: recovered 0 articles"
time=2026-09-15T00:40:17.634+08:00 level=INFO msg="[tracing] scheduler \"Firecrawl Crawler\" tick: tracing not recording"
time=2026-09-15T00:40:17.636+08:00 level=INFO msg="Firecrawl Crawler: no jobs to process"
time=2026-09-15T00:40:17.640+08:00 level=INFO msg="[tracing] scheduler \"Preference Profile Update\" tick: tracing not recording"
time=2026-09-15T00:40:17.670+08:00 level=INFO msg="[tracing] scheduler \"Auto Refresh\" tick: tracing not recording"
time=2026-09-15T00:40:17.672+08:00 level=INFO msg="Auto Refresh: triggered 0 feeds (scanned=23, due=0, stale_reset=0)"
time=2026-09-15T00:40:17.676+08:00 level=INFO msg="[tracing] scheduler \"Content Completion\" tick: tracing not recording"
time=2026-09-15T00:40:17.762+08:00 level=INFO msg="Content Completion: no pending content to complete"
time=2026-09-15T00:40:17.869+08:00 level=INFO msg="preference recompute: boards=7 tags=240 articles=186"
time=2026-09-15T00:40:17.869+08:00 level=INFO msg="Preference Profile Update: recomputed preference profile: boards=7 tags=240 articles=186"
time=2026-09-15T00:40:39.039+08:00 level=WARN msg="[SLOW SQL] 4227.018ms > 200ms | rows=118935 | \n\t\tUPDATE semantic_labels\n\t\tSET ref_count = (\n\t\t\tSELECT COUNT(*) FROM topic_tag_semantic_labels\n\t\t\tWHERE semantic_label_id = semantic_labels.id\n\t\t)\n\t\tWHERE label_type = 'auxiliary'"
time=2026-09-15T00:40:39.168+08:00 level=INFO msg="Tag Quality Score: quality scores recomputed (orphan_aux_deleted=0)"
time=2026-09-15T00:41:17.670+08:00 level=INFO msg="[tracing] scheduler \"Auto Refresh\" tick: tracing not recording"
time=2026-09-15T00:41:17.675+08:00 level=INFO msg="[tracing] scheduler \"Content Completion\" tick: tracing not recording"
time=2026-09-15T00:41:17.681+08:00 level=INFO msg="Auto Refresh: triggered 0 feeds (scanned=23, due=0, stale_reset=0)"
time=2026-09-15T00:41:17.724+08:00 level=INFO msg="Content Completion: no pending content to complete"
time=2026-09-15T00:42:17.670+08:00 level=INFO msg="[tracing] scheduler \"Auto Refresh\" tick: tracing not recording"
time=2026-09-15T00:42:17.675+08:00 level=INFO msg="[tracing] scheduler \"Content Completion\" tick: tracing not recording"
time=2026-09-15T00:42:17.675+08:00 level=INFO msg="Auto Refresh: triggered 1 feeds (scanned=23, due=1, stale_reset=0)"
time=2026-09-15T00:42:17.722+08:00 level=INFO msg="Content Completion: no pending content to complete"
time=2026-09-15T00:42:22.688+08:00 level=ERROR msg="Error refreshing feed 1: feed returned HTTP 502"
time=2026-09-15T00:43:17.670+08:00 level=INFO msg="[tracing] scheduler \"Auto Refresh\" tick: tracing not recording"
time=2026-09-15T00:43:17.671+08:00 level=INFO msg="Auto Refresh: triggered 0 feeds (scanned=23, due=0, stale_reset=0)"
time=2026-09-15T00:43:17.675+08:00 level=INFO msg="[tracing] scheduler \"Content Completion\" tick: tracing not recording"
time=2026-09-15T00:43:17.733+08:00 level=INFO msg="Content Completion: no pending content to complete"
time=2026-09-15T00:44:17.670+08:00 level=INFO msg="[tracing] scheduler \"Auto Refresh\" tick: tracing not recording"
time=2026-09-15T00:44:17.672+08:00 level=INFO msg="Auto Refresh: triggered 0 feeds (scanned=23, due=0, stale_reset=0)"
time=2026-09-15T00:44:17.675+08:00 level=INFO msg="[tracing] scheduler \"Content Completion\" tick: tracing not recording"
time=2026-09-15T00:44:17.723+08:00 level=INFO msg="Content Completion: no pending content to complete"
time=2026-09-15T00:45:17.611+08:00 level=INFO msg="[tracing] scheduler \"Discovery Run Maintenance\" tick: tracing not recording"
time=2026-09-15T00:45:17.619+08:00 level=INFO msg="Discovery Run Maintenance: discovery run maintenance: stale running runs marked failed=1"
time=2026-09-15T00:45:17.634+08:00 level=INFO msg="[tracing] scheduler \"Firecrawl Crawler\" tick: tracing not recording"
time=2026-09-15T00:45:17.643+08:00 level=INFO msg="Firecrawl Crawler: no jobs to process"
time=2026-09-15T00:45:17.670+08:00 level=INFO msg="[tracing] scheduler \"Auto Refresh\" tick: tracing not recording"
time=2026-09-15T00:45:17.671+08:00 level=INFO msg="Auto Refresh: triggered 0 feeds (scanned=23, due=0, stale_reset=0)"
time=2026-09-15T00:45:17.675+08:00 level=INFO msg="[tracing] scheduler \"Content Completion\" tick: tracing not recording"
time=2026-09-15T00:45:17.724+08:00 level=INFO msg="Content Completion: no pending content to complete"
time=2026-09-15T00:45:23.242+08:00 level=INFO msg="[tracing] scheduler \"Candidate Embedding Backfill\" tick: tracing not recording"
time=2026-09-15T00:45:28.066+08:00 level=INFO msg="Candidate Embedding Backfill: candidate embedding backfill: generated=20 stale=0 failed=0 no_text=0"
time=2026-09-15T00:46:17.671+08:00 level=INFO msg="[tracing] scheduler \"Auto Refresh\" tick: tracing not recording"
time=2026-09-15T00:46:17.673+08:00 level=INFO msg="Auto Refresh: triggered 0 feeds (scanned=23, due=0, stale_reset=0)"
time=2026-09-15T00:46:17.675+08:00 level=INFO msg="[tracing] scheduler \"Content Completion\" tick: tracing not recording"
time=2026-09-15T00:46:17.721+08:00 level=INFO msg="Content Completion: no pending content to complete"
time=2026-09-15T00:46:33.705+08:00 level=INFO msg="[tracing] scheduler \"Candidate Availability Check\" tick: tracing not recording"
time=2026-09-15T00:47:17.671+08:00 level=INFO msg="[tracing] scheduler \"Auto Refresh\" tick: tracing not recording"
time=2026-09-15T00:47:17.672+08:00 level=INFO msg="Auto Refresh: triggered 0 feeds (scanned=23, due=0, stale_reset=0)"
time=2026-09-15T00:47:17.675+08:00 level=INFO msg="[tracing] scheduler \"Content Completion\" tick: tracing not recording"
time=2026-09-15T00:47:17.729+08:00 level=INFO msg="Content Completion: no pending content to complete"
time=2026-09-15T00:47:43.268+08:00 level=INFO msg="Candidate Availability Check: candidate availability: due=50 checked=50 failed=0"
time=2026-09-15T00:48:17.671+08:00 level=INFO msg="[tracing] scheduler \"Auto Refresh\" tick: tracing not recording"
time=2026-09-15T00:48:17.672+08:00 level=INFO msg="Auto Refresh: triggered 0 feeds (scanned=23, due=0, stale_reset=0)"
time=2026-09-15T00:48:17.675+08:00 level=INFO msg="[tracing] scheduler \"Content Completion\" tick: tracing not recording"
time=2026-09-15T00:48:17.727+08:00 level=INFO msg="Content Completion: no pending content to complete"
time=2026-09-15T00:49:17.670+08:00 level=INFO msg="[tracing] scheduler \"Auto Refresh\" tick: tracing not recording"
time=2026-09-15T00:49:17.672+08:00 level=INFO msg="Auto Refresh: triggered 0 feeds (scanned=23, due=0, stale_reset=0)"
time=2026-09-15T00:49:17.675+08:00 level=INFO msg="[tracing] scheduler \"Content Completion\" tick: tracing not recording"
time=2026-09-15T00:49:17.750+08:00 level=INFO msg="Content Completion: no pending content to complete"
time=2026-09-15T00:50:17.634+08:00 level=INFO msg="[tracing] scheduler \"Firecrawl Crawler\" tick: tracing not recording"
time=2026-09-15T00:50:17.649+08:00 level=INFO msg="Firecrawl Crawler: no jobs to process"
time=2026-09-15T00:50:17.671+08:00 level=INFO msg="[tracing] scheduler \"Auto Refresh\" tick: tracing not recording"
time=2026-09-15T00:50:17.672+08:00 level=INFO msg="Auto Refresh: triggered 0 feeds (scanned=23, due=0, stale_reset=0)"
time=2026-09-15T00:50:17.675+08:00 level=INFO msg="[tracing] scheduler \"Content Completion\" tick: tracing not recording"
time=2026-09-15T00:50:17.717+08:00 level=INFO msg="Content Completion: no pending content to complete"
time=2026-09-15T00:50:18.077+08:00 level=INFO msg="[tracing] scheduler \"Aux Label Cleanup\" tick: tracing not recording"
time=2026-09-15T00:50:18.101+08:00 level=WARN msg="tag_edge_retention_days: \"tag_edge_retention_days\" unavailable (record not found); using default 7"
time=2026-09-15T00:50:18.103+08:00 level=INFO msg="Aux Label Cleanup: disabled 0 labels, reclaimed 0 tag edges (0 orphaned tags)"
time=2026-09-15T00:51:17.671+08:00 level=INFO msg="[tracing] scheduler \"Auto Refresh\" tick: tracing not recording"
time=2026-09-15T00:51:17.675+08:00 level=INFO msg="[tracing] scheduler \"Content Completion\" tick: tracing not recording"
time=2026-09-15T00:51:17.681+08:00 level=INFO msg="Auto Refresh: triggered 0 feeds (scanned=23, due=0, stale_reset=0)"
time=2026-09-15T00:51:17.721+08:00 level=INFO msg="Content Completion: no pending content to complete"
time=2026-09-15T00:52:17.670+08:00 level=INFO msg="[tracing] scheduler \"Auto Refresh\" tick: tracing not recording"
time=2026-09-15T00:52:17.672+08:00 level=INFO msg="Auto Refresh: triggered 0 feeds (scanned=23, due=0, stale_reset=0)"
time=2026-09-15T00:52:17.675+08:00 level=INFO msg="[tracing] scheduler \"Content Completion\" tick: tracing not recording"
time=2026-09-15T00:52:17.724+08:00 level=INFO msg="Content Completion: no pending content to complete"
time=2026-09-15T00:53:17.670+08:00 level=INFO msg="[tracing] scheduler \"Auto Refresh\" tick: tracing not recording"
time=2026-09-15T00:53:17.672+08:00 level=INFO msg="Auto Refresh: triggered 0 feeds (scanned=23, due=0, stale_reset=0)"
time=2026-09-15T00:53:17.674+08:00 level=INFO msg="[tracing] scheduler \"Content Completion\" tick: tracing not recording"
time=2026-09-15T00:53:17.714+08:00 level=INFO msg="Content Completion: no pending content to complete"
time=2026-09-15T00:54:17.672+08:00 level=INFO msg="Auto Refresh: triggered 0 feeds (scanned=23, due=0, stale_reset=0)"
time=2026-09-15T00:54:17.675+08:00 level=INFO msg="[tracing] scheduler \"Content Completion\" tick: tracing not recording"
time=2026-09-15T00:54:17.717+08:00 level=INFO msg="Content Completion: no pending content to complete"
time=2026-09-15T00:55:17.634+08:00 level=INFO msg="[tracing] scheduler \"Firecrawl Crawler\" tick: tracing not recording"
time=2026-09-15T00:55:17.647+08:00 level=INFO msg="Firecrawl Crawler: no jobs to process"
time=2026-09-15T00:55:17.670+08:00 level=INFO msg="[tracing] scheduler \"Auto Refresh\" tick: tracing not recording"
time=2026-09-15T00:55:17.672+08:00 level=INFO msg="Auto Refresh: triggered 0 feeds (scanned=23, due=0, stale_reset=0)"
time=2026-09-15T00:55:17.675+08:00 level=INFO msg="[tracing] scheduler \"Content Completion\" tick: tracing not recording"
time=2026-09-15T00:55:17.726+08:00 level=INFO msg="Content Completion: no pending content to complete"
time=2026-09-15T00:56:17.671+08:00 level=INFO msg="[tracing] scheduler \"Auto Refresh\" tick: tracing not recording"
time=2026-09-15T00:56:17.673+08:00 level=INFO msg="Auto Refresh: triggered 0 feeds (scanned=23, due=0, stale_reset=0)"
time=2026-09-15T00:56:17.675+08:00 level=INFO msg="[tracing] scheduler \"Content Completion\" tick: tracing not recording"
time=2026-09-15T00:56:17.738+08:00 level=INFO msg="Content Completion: no pending content to complete"
time=2026-09-15T00:56:52.758+08:00 level=INFO msg="Received signal: terminated, shutting down gracefully..."
time=2026-09-15T00:56:52.758+08:00 level=INFO msg="Stopping tag queue..."
time=2026-09-15T00:56:52.761+08:00 level=INFO msg="Tag queue stopped"
time=2026-09-15T00:56:52.761+08:00 level=INFO msg="Stopping embedding queue worker..."
time=2026-09-15T00:56:52.761+08:00 level=INFO msg="Stopping merge re-embedding queue worker..."
time=2026-09-15T00:56:52.761+08:00 level=INFO msg="Tag Quality Score scheduler stopped"
time=2026-09-15T00:56:52.762+08:00 level=INFO msg="Stopped scheduler: tag_quality_score"
time=2026-09-15T00:56:52.762+08:00 level=INFO msg="Daily Report scheduler stopped"
time=2026-09-15T00:56:52.762+08:00 level=INFO msg="Stopped scheduler: daily_report"
time=2026-09-15T00:56:52.762+08:00 level=INFO msg="Firecrawl Crawler scheduler stopped"
time=2026-09-15T00:56:52.762+08:00 level=INFO msg="Stopped scheduler: firecrawl"
time=2026-09-15T00:56:52.762+08:00 level=INFO msg="Preference Profile Update scheduler stopped"
time=2026-09-15T00:56:52.762+08:00 level=INFO msg="Stopped scheduler: preference_profile_update"
time=2026-09-15T00:56:52.762+08:00 level=INFO msg="RSSHub Catalog Sync scheduler stopped"
time=2026-09-15T00:56:52.763+08:00 level=INFO msg="Stopped scheduler: rsshub_catalog_sync"
time=2026-09-15T00:56:52.763+08:00 level=INFO msg="Lifeline Monthly Refresh scheduler stopped"
time=2026-09-15T00:56:52.763+08:00 level=INFO msg="Stopped scheduler: lifeline_monthly"
time=2026-09-15T00:56:52.763+08:00 level=INFO msg="Lifeline Yearly Refresh scheduler stopped"
time=2026-09-15T00:56:52.763+08:00 level=INFO msg="Stopped scheduler: lifeline_yearly"
time=2026-09-15T00:56:52.763+08:00 level=INFO msg="Aux Label Cleanup scheduler stopped"
time=2026-09-15T00:56:52.763+08:00 level=INFO msg="Stopped scheduler: aux_label_cleanup"
time=2026-09-15T00:56:52.763+08:00 level=INFO msg="Candidate Availability Check scheduler stopped"
time=2026-09-15T00:56:52.763+08:00 level=INFO msg="Stopped scheduler: candidate_availability_check"
time=2026-09-15T00:56:52.763+08:00 level=INFO msg="Candidate Embedding Backfill scheduler stopped"
time=2026-09-15T00:56:52.764+08:00 level=INFO msg="Stopped scheduler: candidate_embedding_backfill"
time=2026-09-15T00:56:52.764+08:00 level=INFO msg="Auto Refresh scheduler stopped"
time=2026-09-15T00:56:52.764+08:00 level=INFO msg="Stopped scheduler: auto_refresh"
time=2026-09-15T00:56:52.764+08:00 level=INFO msg="Content Completion scheduler stopped"
time=2026-09-15T00:56:52.764+08:00 level=INFO msg="Stopped scheduler: content_completion"
time=2026-09-15T00:56:52.764+08:00 level=INFO msg="Cross-Board Relation Expire scheduler stopped"
time=2026-09-15T00:56:52.764+08:00 level=INFO msg="Stopped scheduler: relation_expire"
time=2026-09-15T00:56:52.764+08:00 level=INFO msg="Board Upgrade Suggest scheduler stopped"
time=2026-09-15T00:56:52.764+08:00 level=INFO msg="Stopped scheduler: board_upgrade_suggest"
time=2026-09-15T00:56:52.764+08:00 level=INFO msg="Log Cleanup scheduler stopped"
time=2026-09-15T00:56:52.764+08:00 level=INFO msg="Stopped scheduler: log_cleanup"
time=2026-09-15T00:56:52.764+08:00 level=INFO msg="Blocked Article Recovery scheduler stopped"
time=2026-09-15T00:56:52.764+08:00 level=INFO msg="Stopped scheduler: blocked_article_recovery"
time=2026-09-15T00:56:52.764+08:00 level=INFO msg="Discovery Run Maintenance scheduler stopped"
time=2026-09-15T00:56:52.764+08:00 level=INFO msg="Stopped scheduler: discovery_run_maintenance"
time=2026-09-15T00:56:52.764+08:00 level=INFO msg="Graceful shutdown completed"
